threshold;versione;time_slot;book_name;tipo;stato;actual_ci;forecast_time;forecast_ci;tempo_sec;co2_emessa_g
150;plain;08:00;Il Signore degli Anelli;corrente;eseguito;230.0;08:30;195.0;8.547415799999726;0.02730424491666579
150;plain;08:00;1984;corrente;eseguito;230.0;08:30;195.0;8.364188600000489;0.02671893580555712
150;plain;08:00;Il nome della rosa;corrente;eseguito;230.0;08:30;195.0;8.426943700000265;0.02691940348611196
150;plain;08:00;Cent'anni di solitudine;corrente;eseguito;230.0;08:30;195.0;8.368975899999896;0.026734228569444112
150;plain;08:00;Orgoglio e pregiudizio;corrente;eseguito;230.0;08:30;195.0;8.475663000000168;0.027075034583333872
150;plain;08:30;Delitto e castigo;corrente;eseguito;210.0;09:00;240.0;8.461160500000005;0.024678384791666685
150;plain;08:30;Il cacciatore di aquiloni;corrente;eseguito;210.0;09:00;240.0;8.434203400000115;0.024599759916667
150;plain;08:30;Se questo è un uomo;corrente;eseguito;210.0;09:00;240.0;8.332872499999212;0.024304211458331035
150;plain;08:30;La metamorfosi;corrente;eseguito;210.0;09:00;240.0;8.304801899999802;0.024222338874999423
150;plain;08:30;Il ritratto di Dorian Gray;corrente;eseguito;210.0;09:00;240.0;8.352519199999733;0.024361514333332553
150;plain;08:30;Il Signore degli Anelli;precedente;eseguito;210.0;09:00;240.0;1.8999999156221747e-06;5.541666420564677e-09
150;plain;08:30;1984;precedente;eseguito;210.0;09:00;240.0;8.999995770864189e-07;2.624998766502055e-09
150;plain;08:30;Il nome della rosa;precedente;eseguito;210.0;09:00;240.0;4.000003173132427e-07;1.1666675921636246e-09
150;plain;08:30;Cent'anni di solitudine;precedente;eseguito;210.0;09:00;240.0;1.3999997463542968e-06;4.083332593533366e-09
150;plain;08:30;Orgoglio e pregiudizio;precedente;eseguito;210.0;09:00;240.0;7.999997251317836e-07;2.3333325316343692e-09
150;plain;09:00;Don Chisciotte della Mancia;corrente;eseguito;270.0;09:30;198.0;8.44170000000031;0.031656375000001166
150;plain;09:00;Il barone rampante;corrente;eseguito;270.0;09:30;198.0;8.501068799999302;0.031879007999997384
150;plain;09:00;Harry Potter e la pietra filosofale;corrente;eseguito;270.0;09:30;198.0;8.431998000000021;0.03161999250000008
150;plain;09:00;Fahrenheit 451;corrente;eseguito;270.0;09:30;198.0;8.279559399999926;0.031048347749999726
150;plain;09:00;I promessi sposi;corrente;eseguito;270.0;09:30;198.0;8.382129099999474;0.03143298412499803
150;plain;09:00;Delitto e castigo;precedente;eseguito;270.0;09:30;198.0;1.99999976757681e-06;7.499999128413038e-09
150;plain;09:00;Il cacciatore di aquiloni;precedente;eseguito;270.0;09:30;198.0;9.99999429041054e-07;3.749997858903953e-09
150;plain;09:00;Se questo è un uomo;precedente;eseguito;270.0;09:30;198.0;1.100000190490391e-06;4.1250007143389666e-09
150;plain;09:00;La metamorfosi;precedente;eseguito;270.0;09:30;198.0;5.000001692678779e-07;1.8750006347545423e-09
150;plain;09:00;Il ritratto di Dorian Gray;precedente;eseguito;270.0;09:30;198.0;6.999998731771484e-07;2.6249995244143067e-09
150;plain;09:30;Il vecchio e il mare;corrente;eseguito;190.0;10:00;180.0;8.412211199999547;0.02219889066666547
150;plain;09:30;Guerra e pace;corrente;eseguito;190.0;10:00;180.0;8.285776400000032;0.021865243277777863
150;plain;09:30;Uno, nessuno e centomila;corrente;eseguito;190.0;10:00;180.0;8.442961599999762;0.02228003755555493
150;plain;09:30;L'ombra del vento;corrente;eseguito;190.0;10:00;180.0;8.4158996999995;0.02220862420833201
150;plain;09:30;Cime tempestose;corrente;eseguito;190.0;10:00;180.0;8.368530400000054;0.022083621888889033
150;plain;09:30;Don Chisciotte della Mancia;precedente;eseguito;190.0;10:00;180.0;1.5999994502635673e-06;4.222220771528858e-09
150;plain;09:30;Il barone rampante;precedente;eseguito;190.0;10:00;180.0;3.9999940781854093e-07;1.0555539928544832e-09
150;plain;09:30;Harry Potter e la pietra filosofale;precedente;eseguito;190.0;10:00;180.0;4.000003173132427e-07;1.055556392909946e-09
150;plain;09:30;Fahrenheit 451;precedente;eseguito;190.0;10:00;180.0;2.999995558639057e-07;7.916654946408623e-10
150;plain;09:30;I promessi sposi;precedente;eseguito;190.0;10:00;180.0;3.0000046535860747e-07;7.916678946963253e-10
150;plain;10:00;Moby Dick;corrente;eseguito;175.0;10:30;145.0;8.28865659999974;0.020146040347221592
150;plain;10:00;Il piccolo principe;corrente;eseguito;175.0;10:30;145.0;8.402314800000568;0.02042229291666805
150;plain;10:00;Anna Karenina;corrente;eseguito;175.0;10:30;145.0;8.361086399999294;0.020322084999998283
150;plain;10:00;Lo straniero;corrente;eseguito;175.0;10:30;145.0;8.33914630000072;0.020268758368057308
150;plain;10:00;I miserabili;corrente;eseguito;175.0;10:30;145.0;8.329278299999714;0.02024477364583264
150;plain;10:00;Il vecchio e il mare;precedente;eseguito;175.0;10:30;145.0;1.5000005078036338e-06;3.645834567578277e-09
150;plain;10:00;Guerra e pace;precedente;eseguito;175.0;10:30;145.0;6.999998731771484e-07;1.7013885806389025e-09
150;plain;10:00;Uno, nessuno e centomila;precedente;eseguito;175.0;10:30;145.0;9.99999429041054e-07;2.4305541678081176e-09
150;plain;10:00;L'ombra del vento;precedente;eseguito;175.0;10:30;145.0;1.2000000424450263e-06;2.916666769831661e-09
150;plain;10:00;Cime tempestose;precedente;eseguito;175.0;10:30;145.0;1.100000190490391e-06;2.6736115741085896e-09
150;plain;10:30;Alla ricerca del tempo perduto;corrente;eseguito;130.0;11:00;140.0;8.33802680000008;0.015054770611111256
150;plain;10:30;Il grande Gatsby;corrente;eseguito;130.0;11:00;140.0;8.383092500000203;0.015136139236111476
150;plain;10:30;Madame Bovary;corrente;eseguito;130.0;11:00;140.0;8.347073199999613;0.015071104388888193
150;plain;10:30;Le avventure di Alice nel Paese delle Meraviglie;corrente;eseguito;130.0;11:00;140.0;8.796207599999434;0.015882041499998976
150;plain;10:30;Il conte di Montecristo;corrente;eseguito;130.0;11:00;140.0;8.53835429999981;0.015416473041666323
150;plain;10:30;Moby Dick;precedente;eseguito;130.0;11:00;140.0;1.0000003385357559e-06;1.8055561668006703e-09
150;plain;10:30;Il piccolo principe;precedente;eseguito;130.0;11:00;140.0;4.000003173132427e-07;7.222227951489105e-10
150;plain;10:30;Anna Karenina;precedente;eseguito;130.0;11:00;140.0;1.9999970390927047e-07;3.611105765028495e-10
150;plain;10:30;Lo straniero;precedente;eseguito;130.0;11:00;140.0;1.600000359758269e-06;2.8888895384524302e-09
150;plain;10:30;I miserabili;precedente;eseguito;130.0;11:00;140.0;7.000007826718502e-07;1.2638903020463962e-09
150;plain;11:00;Frankenstein;corrente;eseguito;145.0;11:30;135.0;8.28482349999922;0.016684713993053983
150;plain;11:00;Dracula;corrente;eseguito;145.0;11:30;135.0;8.323214000000007;0.01676202819444446
150;plain;11:00;I fratelli Karamazov;corrente;eseguito;145.0;11:30;135.0;8.57870339999954;0.01727655545833241
150;plain;11:00;Il buio oltre la siepe;corrente;eseguito;145.0;11:30;135.0;8.520116200000302;0.017158567347222833
150;plain;11:00;Jane Eyre;corrente;eseguito;145.0;11:30;135.0;8.377818599999955;0.01687199579166658
150;plain;11:00;Alla ricerca del tempo perduto;precedente;eseguito;145.0;11:30;135.0;1.2999998943996616e-06;2.6180553428882077e-09
150;plain;11:00;Il grande Gatsby;precedente;eseguito;145.0;11:30;135.0;5.000001692678779e-07;1.006944785331143e-09
150;plain;11:00;Madame Bovary;precedente;eseguito;145.0;11:30;135.0;2.999995558639057e-07;6.041657722259213e-10
150;plain;11:00;Le avventure di Alice nel Paese delle Meraviglie;precedente;eseguito;145.0;11:30;135.0;1.499999598308932e-06;3.020832524372155e-09
150;plain;11:00;Il conte di Montecristo;precedente;eseguito;145.0;11:30;135.0;6.999998731771484e-07;1.4097219668150906e-09
150;plain;11:30;I viaggi di Gulliver;corrente;eseguito;160.0;12:00;170.0;8.37728049999987;0.0186161788888886
150;plain;11:30;Sulla strada;corrente;eseguito;160.0;12:00;170.0;8.382415299999593;0.01862758955555465
150;plain;11:30;Il profumo;corrente;eseguito;160.0;12:00;170.0;8.364363699999558;0.018587474888887907
150;plain;11:30;Cecità;corrente;eseguito;160.0;12:00;170.0;8.284104400000615;0.018409120888890254
150;plain;11:30;L'alchimista;corrente;eseguito;160.0;12:00;170.0;8.354773099999875;0.018566162444444166
150;plain;11:30;Frankenstein;precedente;eseguito;160.0;12:00;170.0;1.100000190490391e-06;2.4444448677564247e-09
150;plain;11:30;Dracula;precedente;eseguito;160.0;12:00;170.0;5.000001692678779e-07;1.111111487261951e-09
150;plain;11:30;I fratelli Karamazov;precedente;eseguito;160.0;12:00;170.0;3.0000046535860747e-07;6.666677007969055e-10
150;plain;11:30;Il buio oltre la siepe;precedente;eseguito;160.0;12:00;170.0;2.999995558639057e-07;6.666656796975682e-10
150;plain;11:30;Jane Eyre;precedente;eseguito;160.0;12:00;170.0;2.999995558639057e-07;6.666656796975682e-10
150;plain;12:00;La fattoria degli animali;corrente;eseguito;250.0;12:30;260.0;8.323470299999826;0.028900938541666064
150;plain;12:00;Il maestro e Margherita;corrente;eseguito;250.0;12:30;260.0;8.480996799999957;0.029447905555555407
150;plain;12:00;Siddharta;corrente;eseguito;250.0;12:30;260.0;8.283942199999728;0.028763688194443505
150;plain;12:00;La coscienza di Zeno;corrente;eseguito;250.0;12:30;260.0;8.412618599999405;0.02921048124999794
150;plain;12:00;I dolori del giovane Werther;corrente;eseguito;250.0;12:30;260.0;8.443764600000577;0.02931862708333534
150;plain;12:00;I viaggi di Gulliver;precedente;eseguito;250.0;12:30;260.0;1.5000005078036338e-06;5.208335096540395e-09
150;plain;12:00;Sulla strada;precedente;eseguito;250.0;12:30;260.0;6.000000212225132e-07;2.0833334070226153e-09
150;plain;12:00;Il profumo;precedente;eseguito;250.0;12:30;260.0;1.9999970390927047e-07;6.944434163516336e-10
150;plain;12:00;Cecità;precedente;eseguito;250.0;12:30;260.0;1.499999598308932e-06;5.20833193857268e-09
150;plain;12:00;L'alchimista;precedente;eseguito;250.0;12:30;260.0;9.99999429041054e-07;3.4722202397258823e-09
150;plain;12:30;Il richiamo della foresta;corrente;eseguito;310.0;13:00;246.0;8.344995000000381;0.035929839583334976
150;plain;12:30;Ventimila leghe sotto i mari;corrente;eseguito;310.0;13:00;246.0;8.420720500000243;0.03625587993055661
150;plain;12:30;Memorie di una geisha;corrente;eseguito;310.0;13:00;246.0;8.338996299999963;0.03590401184722206
150;plain;12:30;Il fu Mattia Pascal;corrente;eseguito;310.0;13:00;246.0;8.385564199999862;0.03610451252777719
150;plain;12:30;Odissea;corrente;eseguito;310.0;13:00;246.0;8.289782200000445;0.03569211780555748
150;plain;12:30;La fattoria degli animali;precedente;eseguito;310.0;13:00;246.0;1.5999994502635673e-06;6.888886521968137e-09
150;plain;12:30;Il maestro e Margherita;precedente;eseguito;310.0;13:00;246.0;4.000003173132427e-07;1.7222235884320173e-09
150;plain;12:30;Siddharta;precedente;eseguito;310.0;13:00;246.0;2.999995558639057e-07;1.2916647544140385e-09
150;plain;12:30;La coscienza di Zeno;precedente;eseguito;310.0;13:00;246.0;2.0000061340397224e-07;8.611137521559916e-10
150;plain;12:30;I dolori del giovane Werther;precedente;eseguito;310.0;13:00;246.0;2.999995558639057e-07;1.2916647544140385e-09
150;pattern;08:00;Il Signore degli Anelli;corrente;eseguito;230.0;08:30;195.0;8.396248899999591;0.026821350652776473
150;pattern;08:00;1984;corrente;eseguito;230.0;08:30;195.0;8.320414400000118;0.026579101555555935
150;pattern;08:00;Il nome della rosa;corrente;eseguito;230.0;08:30;195.0;8.402255699999841;0.02684053904166616
150;pattern;08:00;Cent'anni di solitudine;corrente;eseguito;230.0;08:30;195.0;8.42668219999996;0.02691856813888876
150;pattern;08:00;Orgoglio e pregiudizio;corrente;eseguito;230.0;08:30;195.0;8.37711660000059;0.02676023358333522
150;pattern;08:30;Delitto e castigo;corrente;eseguito;210.0;09:00;240.0;8.550796800000171;0.0249398240000005
150;pattern;08:30;Il cacciatore di aquiloni;corrente;eseguito;210.0;09:00;240.0;8.446860500000184;0.02463667645833387
150;pattern;08:30;Se questo è un uomo;corrente;eseguito;210.0;09:00;240.0;8.319546699999592;0.024265344541665478
150;pattern;08:30;La metamorfosi;corrente;eseguito;210.0;09:00;240.0;8.323947300000327;0.024278179625000954
150;pattern;08:30;Il ritratto di Dorian Gray;corrente;eseguito;210.0;09:00;240.0;8.402734499999497;0.024507975624998533
150;pattern;08:30;Il Signore degli Anelli;precedente;eseguito;210.0;09:00;240.0;6.300000677583739e-06;1.8375001976285908e-08
150;pattern;08:30;1984;precedente;eseguito;210.0;09:00;240.0;3.099999958067201e-06;9.04166654436267e-09
150;pattern;08:30;Il nome della rosa;precedente;eseguito;210.0;09:00;240.0;1.6999993022182025e-06;4.958331298136424e-09
150;pattern;08:30;Cent'anni di solitudine;precedente;eseguito;210.0;09:00;240.0;1.5999994502635673e-06;4.6666650632687385e-09
150;pattern;08:30;Orgoglio e pregiudizio;precedente;eseguito;210.0;09:00;240.0;1.3999997463542968e-06;4.083332593533366e-09
150;pattern;09:00;Don Chisciotte della Mancia;corrente;eseguito;270.0;09:30;198.0;8.452358700000332;0.031696345125001246
150;pattern;09:00;Il barone rampante;corrente;eseguito;270.0;09:30;198.0;8.392440000000533;0.031471650000001995
150;pattern;09:00;Harry Potter e la pietra filosofale;corrente;eseguito;270.0;09:30;198.0;8.476132300000245;0.03178549612500092
150;pattern;09:00;Fahrenheit 451;corrente;eseguito;270.0;09:30;198.0;8.564282399999684;0.032116058999998816
150;pattern;09:00;I promessi sposi;corrente;eseguito;270.0;09:30;198.0;8.437239299999419;0.031639647374997824
150;pattern;09:00;Delitto e castigo;precedente;eseguito;270.0;09:30;198.0;7.200000254670158e-06;2.7000000955013095e-08
150;pattern;09:00;Il cacciatore di aquiloni;precedente;eseguito;270.0;09:30;198.0;4.800000169780105e-06;1.8000000636675398e-08
150;pattern;09:00;Se questo è un uomo;precedente;eseguito;270.0;09:30;198.0;1.1799999811046291e-05;4.424999929142359e-08
150;pattern;09:00;La metamorfosi;precedente;eseguito;270.0;09:30;198.0;3.2999996619764715e-06;1.2374998732411768e-08
150;pattern;09:00;Il ritratto di Dorian Gray;precedente;eseguito;270.0;09:30;198.0;3.000000106112566e-06;1.1250000397922122e-08
150;pattern;09:30;Il vecchio e il mare;corrente;eseguito;190.0;10:00;180.0;8.464437000000544;0.022336708750001436
150;pattern;09:30;Guerra e pace;corrente;eseguito;190.0;10:00;180.0;8.423558899999989;0.02222883598611108
150;pattern;09:30;Uno, nessuno e centomila;corrente;eseguito;190.0;10:00;180.0;8.440989400000035;0.022274833138888984
150;pattern;09:30;L'ombra del vento;corrente;eseguito;190.0;10:00;180.0;8.509611500000574;0.022455919236112627
150;pattern;09:30;Cime tempestose;corrente;eseguito;190.0;10:00;180.0;8.39064479999979;0.022141979333332784
150;pattern;09:30;Don Chisciotte della Mancia;precedente;eseguito;190.0;10:00;180.0;5.500000042957254e-06;1.451388900224831e-08
150;pattern;09:30;Il barone rampante;precedente;eseguito;190.0;10:00;180.0;4.999999873689376e-06;1.3194444111124744e-08
150;pattern;09:30;Harry Potter e la pietra filosofale;precedente;eseguito;190.0;10:00;180.0;2.9000002541579306e-06;7.652778448472317e-09
150;pattern;09:30;Fahrenheit 451;precedente;eseguito;190.0;10:00;180.0;4.900000021734741e-06;1.2930555612911119e-08
150;pattern;09:30;I promessi sposi;precedente;eseguito;190.0;10:00;180.0;3.2999996619764715e-06;8.7083324413268e-09
150;pattern;10:00;Moby Dick;corrente;eseguito;175.0;10:30;145.0;8.304389599999922;0.020184280277777588
150;pattern;10:00;Il piccolo principe;corrente;eseguito;175.0;10:30;145.0;8.45564419999937;0.02055191298610958
150;pattern;10:00;Anna Karenina;corrente;eseguito;175.0;10:30;145.0;8.404084499999954;0.02042659427083322
150;pattern;10:00;Lo straniero;corrente;eseguito;175.0;10:30;145.0;8.347315300000446;0.020288613576389974
150;pattern;10:00;I miserabili;corrente;eseguito;175.0;10:30;145.0;8.31755880000037;0.0202162887500009
150;pattern;10:00;Il vecchio e il mare;precedente;eseguito;175.0;10:30;145.0;7.3999999585794285e-06;1.7986111010436113e-08
150;pattern;10:00;Guerra e pace;precedente;eseguito;175.0;10:30;145.0;2.399999175395351e-06;5.833331329085923e-09
150;pattern;10:00;Uno, nessuno e centomila;precedente;eseguito;175.0;10:30;145.0;1.499999598308932e-06;3.6458323570008766e-09
150;pattern;10:00;L'ombra del vento;precedente;eseguito;175.0;10:30;145.0;4.000000444648322e-06;9.722223302964671e-09
150;pattern;10:00;Cime tempestose;precedente;eseguito;175.0;10:30;145.0;2.6999996407539584e-06;6.562499126832538e-09
150;pattern;10:30;Alla ricerca del tempo perduto;corrente;eseguito;130.0;11:00;140.0;8.36187609999979;0.015097831847221844
150;pattern;10:30;Il grande Gatsby;corrente;eseguito;130.0;11:00;140.0;8.322672299999795;0.015027047208332962
150;pattern;10:30;Madame Bovary;corrente;eseguito;130.0;11:00;140.0;8.34654429999955;0.015070149430554743
150;pattern;10:30;Le avventure di Alice nel Paese delle Meraviglie;corrente;eseguito;130.0;11:00;140.0;8.50366490000033;0.015353839402778376
150;pattern;10:30;Il conte di Montecristo;corrente;eseguito;130.0;11:00;140.0;8.387045999999827;0.01514327749999969
150;pattern;10:30;Moby Dick;precedente;eseguito;130.0;11:00;140.0;6.50000038149301e-06;1.1736111799917935e-08
150;pattern;10:30;Il piccolo principe;precedente;eseguito;130.0;11:00;140.0;2.4000000848900527e-06;4.3333334866070395e-09
150;pattern;10:30;Anna Karenina;precedente;eseguito;130.0;11:00;140.0;2.200000380980782e-06;3.97222291010419e-09
150;pattern;10:30;Lo straniero;precedente;eseguito;130.0;11:00;140.0;1.600000359758269e-06;2.8888895384524302e-09
150;pattern;10:30;I miserabili;precedente;eseguito;130.0;11:00;140.0;1.8999999156221747e-06;3.4305554032067046e-09
150;pattern;11:00;Frankenstein;corrente;eseguito;145.0;11:30;135.0;8.27932630000032;0.016673643243056202
150;pattern;11:00;Dracula;corrente;eseguito;145.0;11:30;135.0;8.276710500000263;0.01666837531250053
150;pattern;11:00;I fratelli Karamazov;corrente;eseguito;145.0;11:30;135.0;8.44667070000014;0.01701065627083362
150;pattern;11:00;Il buio oltre la siepe;corrente;eseguito;145.0;11:30;135.0;8.376724099999592;0.016869791590276954
150;pattern;11:00;Jane Eyre;corrente;eseguito;145.0;11:30;135.0;8.314479099999517;0.016744437076387914
150;pattern;11:00;Alla ricerca del tempo perduto;precedente;eseguito;145.0;11:30;135.0;9.000000318337698e-06;1.8125000641096754e-08
150;pattern;11:00;Il grande Gatsby;precedente;eseguito;145.0;11:30;135.0;2.499999936844688e-06;5.034722095034441e-09
150;pattern;11:00;Madame Bovary;precedente;eseguito;145.0;11:30;135.0;4.70000031782547e-06;9.465278417842961e-09
150;pattern;11:00;Le avventure di Alice nel Paese delle Meraviglie;precedente;eseguito;145.0;11:30;135.0;3.9000005926936865e-06;7.854167860285897e-09
150;pattern;11:00;Il conte di Montecristo;precedente;eseguito;145.0;11:30;135.0;2.499999936844688e-06;5.034722095034441e-09
150;pattern;11:30;I viaggi di Gulliver;corrente;eseguito;160.0;12:00;170.0;8.43528889999925;0.01874508644444278
150;pattern;11:30;Sulla strada;corrente;eseguito;160.0;12:00;170.0;8.364531100000022;0.018587846888888936
150;pattern;11:30;Il profumo;corrente;eseguito;160.0;12:00;170.0;8.40404480000052;0.01867565511111227
150;pattern;11:30;Cecità;corrente;eseguito;160.0;12:00;170.0;8.321720500000083;0.01849271222222241
150;pattern;11:30;L'alchimista;corrente;eseguito;160.0;12:00;170.0;8.310201999999663;0.018467115555554806
150;pattern;11:30;Frankenstein;precedente;eseguito;160.0;12:00;170.0;5.4000001910026185e-06;1.2000000424450263e-08
150;pattern;11:30;Dracula;precedente;eseguito;160.0;12:00;170.0;1.8999999156221747e-06;4.222222034715944e-09
150;pattern;11:30;I fratelli Karamazov;precedente;eseguito;160.0;12:00;170.0;2.1999994714860804e-06;4.888887714413512e-09
150;pattern;11:30;Il buio oltre la siepe;precedente;eseguito;160.0;12:00;170.0;5.200000487093348e-06;1.155555663798522e-08
150;pattern;11:30;Jane Eyre;precedente;eseguito;160.0;12:00;170.0;4.100000296602957e-06;9.111111770228793e-09
150;pattern;12:00;La fattoria degli animali;corrente;eseguito;250.0;12:30;260.0;8.347855100000743;0.02898560798611369
150;pattern;12:00;Il maestro e Margherita;corrente;eseguito;250.0;12:30;260.0;8.43409199999951;0.029285041666664968
150;pattern;12:00;Siddharta;corrente;eseguito;250.0;12:30;260.0;8.32336959999975;0.028900588888888027
150;pattern;12:00;La coscienza di Zeno;corrente;eseguito;250.0;12:30;260.0;8.419214599999577;0.02923338402777631
150;pattern;12:00;I dolori del giovane Werther;corrente;eseguito;250.0;12:30;260.0;8.41429429999971;0.029216299652776778
150;pattern;12:00;I viaggi di Gulliver;precedente;eseguito;250.0;12:30;260.0;6.70000008540228e-06;2.3263889185424585e-08
150;pattern;12:00;Sulla strada;precedente;eseguito;250.0;12:30;260.0;4.300000000512227e-06;1.4930555557334127e-08
150;pattern;12:00;Il profumo;precedente;eseguito;250.0;12:30;260.0;4.399999852466863e-06;1.5277777265509943e-08
150;pattern;12:00;Cecità;precedente;eseguito;250.0;12:30;260.0;3.5000002753804438e-06;1.2152778733959874e-08
150;pattern;12:00;L'alchimista;precedente;eseguito;250.0;12:30;260.0;1.8999999156221747e-06;6.597221929243663e-09
150;pattern;12:30;Il richiamo della foresta;corrente;eseguito;310.0;13:00;246.0;8.38823130000037;0.0361159958750016
150;pattern;12:30;Ventimila leghe sotto i mari;corrente;eseguito;310.0;13:00;246.0;8.472087099999953;0.03647704168055536
150;pattern;12:30;Memorie di una geisha;corrente;eseguito;310.0;13:00;246.0;8.272968000000219;0.03561972333333428
150;pattern;12:30;Il fu Mattia Pascal;corrente;eseguito;310.0;13:00;246.0;8.437745600000198;0.036329182444445295
150;pattern;12:30;Odissea;corrente;eseguito;310.0;13:00;246.0;8.301712999999836;0.03574348652777708
150;pattern;12:30;La fattoria degli animali;precedente;eseguito;310.0;13:00;246.0;4.300000000512227e-06;1.8513888891094314e-08
150;pattern;12:30;Il maestro e Margherita;precedente;eseguito;310.0;13:00;246.0;1.8000000636675395e-06;7.75000027412413e-09
150;pattern;12:30;Siddharta;precedente;eseguito;310.0;13:00;246.0;2.100000529026147e-06;9.041668944418134e-09
150;pattern;12:30;La coscienza di Zeno;precedente;eseguito;310.0;13:00;246.0;4.499999704421498e-06;1.937499872737034e-08
150;pattern;12:30;I dolori del giovane Werther;precedente;eseguito;310.0;13:00;246.0;2.0000006770715117e-06;8.61111402628012e-09
150;ca;08:00;Il Signore degli Anelli;corrente;eseguito;230.0;08:30;195.0;8.393674699999792;0.026813127513888226
150;ca;08:00;1984;corrente;eseguito;230.0;08:30;195.0;8.34854820000055;0.026668973416668428
150;ca;08:00;Il nome della rosa;corrente;eseguito;230.0;08:30;195.0;8.359342099999594;0.026703453930554264
150;ca;08:00;Cent'anni di solitudine;corrente;eseguito;230.0;08:30;195.0;8.425543800000014;0.026914931583333378
150;ca;08:00;Orgoglio e pregiudizio;corrente;eseguito;230.0;08:30;195.0;8.380694100000255;0.026771661708334147
150;ca;08:30;Delitto e castigo;corrente;eseguito;210.0;09:00;240.0;8.457200899999407;0.024666835958331607
150;ca;08:30;Il cacciatore di aquiloni;corrente;eseguito;210.0;09:00;240.0;8.478623199999674;0.024729317666665716
150;ca;08:30;Se questo è un uomo;corrente;eseguito;210.0;09:00;240.0;8.320583400000032;0.024268368250000096
150;ca;08:30;La metamorfosi;corrente;eseguito;210.0;09:00;240.0;8.276413699999466;0.024139539958331777
150;ca;08:30;Il ritratto di Dorian Gray;corrente;eseguito;210.0;09:00;240.0;8.387839999999414;0.024464533333331626
150;ca;08:30;Il Signore degli Anelli;precedente;eseguito;210.0;09:00;240.0;4.599999556376133e-06;1.3416665372763721e-08
150;ca;08:30;1984;precedente;eseguito;210.0;09:00;240.0;2.499999936844688e-06;7.291666482463674e-09
150;ca;08:30;Il nome della rosa;precedente;eseguito;210.0;09:00;240.0;1.7000002117129043e-06;4.958333950829303e-09
150;ca;08:30;Cent'anni di solitudine;precedente;eseguito;210.0;09:00;240.0;1.3999997463542968e-06;4.083332593533366e-09
150;ca;08:30;Orgoglio e pregiudizio;precedente;eseguito;210.0;09:00;240.0;5.599999894911889e-06;1.6333333026826342e-08
150;ca;09:00;Don Chisciotte della Mancia;corrente;eseguito;270.0;09:30;198.0;8.43119630000001;0.031616986125000045
150;ca;09:00;Il barone rampante;corrente;eseguito;270.0;09:30;198.0;8.408231500000511;0.03153086812500192
150;ca;09:00;Harry Potter e la pietra filosofale;corrente;eseguito;270.0;09:30;198.0;8.496775399999933;0.03186290774999975
150;ca;09:00;Fahrenheit 451;corrente;eseguito;270.0;09:30;198.0;8.307851100000335;0.031154441625001254
150;ca;09:00;I promessi sposi;corrente;eseguito;270.0;09:30;198.0;8.397875999999997;0.03149203499999999
150;ca;09:00;Delitto e castigo;precedente;eseguito;270.0;09:30;198.0;3.99999953515362e-06;1.4999998256826075e-08
150;ca;09:00;Il cacciatore di aquiloni;precedente;eseguito;270.0;09:30;198.0;2.8000004022032954e-06;1.0500001508262358e-08
150;ca;09:00;Se questo è un uomo;precedente;eseguito;270.0;09:30;198.0;2.3000002329354174e-06;8.625000873507815e-09
150;ca;09:00;La metamorfosi;precedente;eseguito;270.0;09:30;198.0;1.600000359758269e-06;6.000001349093509e-09
150;ca;09:00;Il ritratto di Dorian Gray;precedente;eseguito;270.0;09:30;198.0;6.599999323952943e-06;2.4749997464823536e-08
150;ca;09:30;Il vecchio e il mare;corrente;eseguito;190.0;10:00;180.0;8.368254699999852;0.022082894347221833
150;ca;09:30;Guerra e pace;corrente;eseguito;190.0;10:00;180.0;8.367968400000791;0.022082138833335423
150;ca;09:30;Uno, nessuno e centomila;corrente;eseguito;190.0;10:00;180.0;8.414818299999752;0.022205770513888234
150;ca;09:30;L'ombra del vento;corrente;eseguito;190.0;10:00;180.0;8.421135900000081;0.022222441958333547
150;ca;09:30;Cime tempestose;corrente;eseguito;190.0;10:00;180.0;8.40706390000014;0.02218530751388926
150;ca;09:30;Don Chisciotte della Mancia;precedente;eseguito;190.0;10:00;180.0;7.099999493220821e-06;1.873610977377717e-08
150;ca;09:30;Il barone rampante;precedente;eseguito;190.0;10:00;180.0;2.8000004022032954e-06;7.388889950258696e-09
150;ca;09:30;Harry Potter e la pietra filosofale;precedente;eseguito;190.0;10:00;180.0;5.4000001910026185e-06;1.4250000504034688e-08
150;ca;09:30;Fahrenheit 451;precedente;eseguito;190.0;10:00;180.0;4.699999408330768e-06;1.2402776216428418e-08
150;ca;09:30;I promessi sposi;precedente;eseguito;190.0;10:00;180.0;4.200000148557592e-06;1.1083333725360312e-08
150;ca;10:00;Moby Dick;corrente;posticipato;175.0;10:30;145.0;5.899999450775795e-06;1.4340276442857836e-08
150;ca;10:00;Il piccolo principe;corrente;posticipato;175.0;10:30;145.0;4.900000021734741e-06;1.1909722275049716e-08
150;ca;10:00;Anna Karenina;corrente;posticipato;175.0;10:30;145.0;3.2999996619764715e-06;8.02083251174837e-09
150;ca;10:00;Lo straniero;corrente;posticipato;175.0;10:30;145.0;1.8000000636675395e-06;4.375000154747493e-09
150;ca;10:00;I miserabili;corrente;posticipato;175.0;10:30;145.0;3.5000002753804438e-06;8.506945113771912e-09
150;ca;10:00;Il vecchio e il mare;precedente;eseguito;175.0;10:30;145.0;4.300000000512227e-06;1.0451388890133888e-08
150;ca;10:00;Guerra e pace;precedente;eseguito;175.0;10:30;145.0;3.9000005926936865e-06;9.4791681072416e-09
150;ca;10:00;Uno, nessuno e centomila;precedente;eseguito;175.0;10:30;145.0;3.4000004234258085e-06;8.26388991804884e-09
150;ca;10:00;L'ombra del vento;precedente;eseguito;175.0;10:30;145.0;3.000000106112566e-06;7.291666924579154e-09
150;ca;10:00;Cime tempestose;precedente;eseguito;175.0;10:30;145.0;3.99999953515362e-06;9.722221092387272e-09
150;ca;10:30;Alla ricerca del tempo perduto;corrente;eseguito;130.0;11:00;140.0;8.419629400000304;0.015202108638889437
150;ca;10:30;Il grande Gatsby;corrente;eseguito;130.0;11:00;140.0;8.408341599999403;0.015181727888887811
150;ca;10:30;Madame Bovary;corrente;eseguito;130.0;11:00;140.0;8.379019699999844;0.015128785569444164
150;ca;10:30;Le avventure di Alice nel Paese delle Meraviglie;corrente;eseguito;130.0;11:00;140.0;8.485541800000647;0.015321117138890058
150;ca;10:30;Il conte di Montecristo;corrente;eseguito;130.0;11:00;140.0;8.343606399999771;0.015064844888888476
150;ca;10:30;Moby Dick;precedente;eseguito;130.0;11:00;140.0;8.286046899999747;0.014960918013888432
150;ca;10:30;Il piccolo principe;precedente;eseguito;130.0;11:00;140.0;8.427081900000303;0.015215564541667215
150;ca;10:30;Anna Karenina;precedente;eseguito;130.0;11:00;140.0;8.354232499999853;0.015084030902777514
150;ca;10:30;Lo straniero;precedente;eseguito;130.0;11:00;140.0;8.341736899999887;0.015061469402777574
150;ca;10:30;I miserabili;precedente;eseguito;130.0;11:00;140.0;8.387674100000368;0.015144411569445109
150;ca;11:00;Frankenstein;corrente;eseguito;145.0;11:30;135.0;8.359802199999649;0.01683571276388818
150;ca;11:00;Dracula;corrente;eseguito;145.0;11:30;135.0;8.263860500000192;0.016642496840278166
150;ca;11:00;I fratelli Karamazov;corrente;eseguito;145.0;11:30;135.0;8.536012600000504;0.01719058093055657
150;ca;11:00;Il buio oltre la siepe;corrente;eseguito;145.0;11:30;135.0;8.434159700000237;0.01698546050694492
150;ca;11:00;Jane Eyre;corrente;eseguito;145.0;11:30;135.0;8.343018099999426;0.016801911451387735
150;ca;11:00;Alla ricerca del tempo perduto;precedente;eseguito;145.0;11:30;135.0;6.100000064179767e-06;1.2284722351473141e-08
150;ca;11:00;Il grande Gatsby;precedente;eseguito;145.0;11:30;135.0;2.599999788799323e-06;5.236110685776415e-09
150;ca;11:00;Madame Bovary;precedente;eseguito;145.0;11:30;135.0;4.399999852466863e-06;8.861110813995767e-09
150;ca;11:00;Le avventure di Alice nel Paese delle Meraviglie;precedente;eseguito;145.0;11:30;135.0;3.899999683198985e-06;7.854166028664623e-09
150;ca;11:00;Il conte di Montecristo;precedente;eseguito;145.0;11:30;135.0;1.99999976757681e-06;4.027777309703298e-09
150;ca;11:30;I viaggi di Gulliver;corrente;eseguito;160.0;12:00;170.0;8.381147499999315;0.0186247722222207
150;ca;11:30;Sulla strada;corrente;eseguito;160.0;12:00;170.0;8.379265300000043;0.01862058955555565
150;ca;11:30;Il profumo;corrente;eseguito;160.0;12:00;170.0;8.43795069999942;0.018751001555554266
150;ca;11:30;Cecità;corrente;eseguito;160.0;12:00;170.0;8.237903800000822;0.018306452888890715
150;ca;11:30;L'alchimista;corrente;eseguito;160.0;12:00;170.0;8.41333560000021;0.0186963013333338
150;ca;11:30;Frankenstein;precedente;eseguito;160.0;12:00;170.0;4.900000021734741e-06;1.0888888937188312e-08
150;ca;11:30;Dracula;precedente;eseguito;160.0;12:00;170.0;4.100000296602957e-06;9.111111770228793e-09
150;ca;11:30;I fratelli Karamazov;precedente;eseguito;160.0;12:00;170.0;5.500000042957254e-06;1.2222222317682787e-08
150;ca;11:30;Il buio oltre la siepe;precedente;eseguito;160.0;12:00;170.0;4.100000296602957e-06;9.111111770228793e-09
150;ca;11:30;Jane Eyre;precedente;eseguito;160.0;12:00;170.0;3.5000002753804438e-06;7.777778389734319e-09
150;ca;12:00;La fattoria degli animali;corrente;eseguito;250.0;12:30;260.0;8.444064799999978;0.029319669444444373
150;ca;12:00;Il maestro e Margherita;corrente;eseguito;250.0;12:30;260.0;8.502526100000068;0.029522660069444682
150;ca;12:00;Siddharta;corrente;eseguito;250.0;12:30;260.0;8.318105299999843;0.0288823100694439
150;ca;12:00;La coscienza di Zeno;corrente;eseguito;250.0;12:30;260.0;8.416454299999714;0.029223799652776786
150;ca;12:00;I dolori del giovane Werther;corrente;eseguito;250.0;12:30;260.0;8.469734499999504;0.029408800347220505
150;ca;12:00;I viaggi di Gulliver;precedente;eseguito;250.0;12:30;260.0;4.800000169780105e-06;1.6666667256180922e-08
150;ca;12:00;Sulla strada;precedente;eseguito;250.0;12:30;260.0;2.1999994714860804e-06;7.638887053771112e-09
150;ca;12:00;Il profumo;precedente;eseguito;250.0;12:30;260.0;2.3000002329354174e-06;7.986111919914643e-09
150;ca;12:00;Cecità;precedente;eseguito;250.0;12:30;260.0;1.5000005078036338e-06;5.208335096540395e-09
150;ca;12:00;L'alchimista;precedente;eseguito;250.0;12:30;260.0;5.599999894911889e-06;1.9444444079555172e-08
150;ca;12:30;Il richiamo della foresta;corrente;eseguito;310.0;13:00;246.0;8.350925599999755;0.03595537411111006
150;ca;12:30;Ventimila leghe sotto i mari;corrente;eseguito;310.0;13:00;246.0;8.417217700000037;0.03624079843055572
150;ca;12:30;Memorie di una geisha;corrente;eseguito;310.0;13:00;246.0;8.33860679999998;0.03590233483333325
150;ca;12:30;Il fu Mattia Pascal;corrente;eseguito;310.0;13:00;246.0;8.380377399999816;0.036082180472221434
150;ca;12:30;Odissea;corrente;eseguito;310.0;13:00;246.0;8.302309400000013;0.03574605436111117
150;ca;12:30;La fattoria degli animali;precedente;eseguito;310.0;13:00;246.0;4.100000296602957e-06;1.7652779054818287e-08
150;ca;12:30;Il maestro e Margherita;precedente;eseguito;310.0;13:00;246.0;1.5000005078036338e-06;6.45833551971009e-09
150;ca;12:30;Siddharta;precedente;eseguito;310.0;13:00;246.0;1.499999598308932e-06;6.458331603830124e-09
150;ca;12:30;La coscienza di Zeno;precedente;eseguito;310.0;13:00;246.0;6.099999154685065e-06;2.6263885249338477e-08
150;ca;12:30;I dolori del giovane Werther;precedente;eseguito;310.0;13:00;246.0;3.000000106112566e-06;1.2916667123540216e-08
200;plain;08:00;Il Signore degli Anelli;corrente;eseguito;230.0;08:30;195.0;8.477475899999263;0.027080825791664313
200;plain;08:00;1984;corrente;eseguito;230.0;08:30;195.0;8.355418899999677;0.02669092148611008
200;plain;08:00;Il nome della rosa;corrente;eseguito;230.0;08:30;195.0;8.344640400000571;0.026656490166668496
200;plain;08:00;Cent'anni di solitudine;corrente;eseguito;230.0;08:30;195.0;8.40714990000015;0.026856173291667146
200;plain;08:00;Orgoglio e pregiudizio;corrente;eseguito;230.0;08:30;195.0;8.378943999999137;0.026766071111108358
200;plain;08:30;Delitto e castigo;corrente;eseguito;210.0;09:00;240.0;8.434903899999881;0.02460180304166632
200;plain;08:30;Il cacciatore di aquiloni;corrente;eseguito;210.0;09:00;240.0;8.431697500000155;0.02459245104166712
200;plain;08:30;Se questo è un uomo;corrente;eseguito;210.0;09:00;240.0;8.324211499999365;0.02427895020833148
200;plain;08:30;La metamorfosi;corrente;eseguito;210.0;09:00;240.0;8.283970899999986;0.024161581791666626
200;plain;08:30;Il ritratto di Dorian Gray;corrente;eseguito;210.0;09:00;240.0;8.37862050000058;0.02443764312500169
200;plain;08:30;Il Signore degli Anelli;precedente;eseguito;210.0;09:00;240.0;1.99999976757681e-06;5.833332655432363e-09
200;plain;08:30;1984;precedente;eseguito;210.0;09:00;240.0;5.000001692678779e-07;1.4583338270313108e-09
200;plain;08:30;Il nome della rosa;precedente;eseguito;210.0;09:00;240.0;1.8000000636675395e-06;5.250000185696991e-09
200;plain;08:30;Cent'anni di solitudine;precedente;eseguito;210.0;09:00;240.0;6.999998731771484e-07;2.041666296766683e-09
200;plain;08:30;Orgoglio e pregiudizio;precedente;eseguito;210.0;09:00;240.0;1.499999598308932e-06;4.374998828401052e-09
200;plain;09:00;Don Chisciotte della Mancia;corrente;eseguito;270.0;09:30;198.0;8.41431939999984;0.0315536977499994
200;plain;09:00;Il barone rampante;corrente;eseguito;270.0;09:30;198.0;8.397786700000324;0.03149170012500122
200;plain;09:00;Harry Potter e la pietra filosofale;corrente;eseguito;270.0;09:30;198.0;8.527619000000414;0.03197857125000155
200;plain;09:00;Fahrenheit 451;corrente;eseguito;270.0;09:30;198.0;8.429439499999717;0.03161039812499894
200;plain;09:00;I promessi sposi;corrente;eseguito;270.0;09:30;198.0;8.38837870000043;0.03145642012500161
200;plain;09:00;Delitto e castigo;precedente;eseguito;270.0;09:30;198.0;1.8999999156221747e-06;7.124999683583156e-09
200;plain;09:00;Il cacciatore di aquiloni;precedente;eseguito;270.0;09:30;198.0;1.2999998943996616e-06;4.874999603998731e-09
200;plain;09:00;Se questo è un uomo;precedente;eseguito;270.0;09:30;198.0;4.000003173132427e-07;1.5000011899246603e-09
200;plain;09:00;La metamorfosi;precedente;eseguito;270.0;09:30;198.0;7.999997251317836e-07;2.9999989692441887e-09
200;plain;09:00;Il ritratto di Dorian Gray;precedente;eseguito;270.0;09:30;198.0;3.9999940781854093e-07;1.4999977793195286e-09
200;plain;09:30;Il vecchio e il mare;corrente;eseguito;190.0;10:00;180.0;8.405737899999622;0.02218180834722122
200;plain;09:30;Guerra e pace;corrente;eseguito;190.0;10:00;180.0;8.411911000000146;0.022198098472222608
200;plain;09:30;Uno, nessuno e centomila;corrente;eseguito;190.0;10:00;180.0;8.478658099999848;0.022374236652777376
200;plain;09:30;L'ombra del vento;corrente;eseguito;190.0;10:00;180.0;8.419033999999556;0.022216895277776604
200;plain;09:30;Cime tempestose;corrente;eseguito;190.0;10:00;180.0;8.355521899999985;0.02204929390277774
200;plain;09:30;Don Chisciotte della Mancia;precedente;eseguito;190.0;10:00;180.0;1.8000000636675395e-06;4.750000168011563e-09
200;plain;09:30;Il barone rampante;precedente;eseguito;190.0;10:00;180.0;5.000001692678779e-07;1.3194448911235669e-09
200;plain;09:30;Harry Potter e la pietra filosofale;precedente;eseguito;190.0;10:00;180.0;3.9999940781854093e-07;1.0555539928544832e-09
200;plain;09:30;Fahrenheit 451;precedente;eseguito;190.0;10:00;180.0;4.000003173132427e-07;1.055556392909946e-09
200;plain;09:30;I promessi sposi;precedente;eseguito;190.0;10:00;180.0;3.9999940781854093e-07;1.0555539928544832e-09
200;plain;10:00;Moby Dick;corrente;eseguito;175.0;10:30;145.0;8.366901000000325;0.020336217708334124
200;plain;10:00;Il piccolo principe;corrente;eseguito;175.0;10:30;145.0;8.410742000000027;0.020442775694444512
200;plain;10:00;Anna Karenina;corrente;eseguito;175.0;10:30;145.0;8.36487010000019;0.020331281493056016
200;plain;10:00;Lo straniero;corrente;eseguito;175.0;10:30;145.0;8.374545800000305;0.02035479881944519
200;plain;10:00;I miserabili;corrente;eseguito;175.0;10:30;145.0;8.416138300000057;0.020455891701389027
200;plain;10:00;Il vecchio e il mare;precedente;eseguito;175.0;10:30;145.0;1.7000002117129043e-06;4.13194495902442e-09
200;plain;10:00;Guerra e pace;precedente;eseguito;175.0;10:30;145.0;3.9999940781854093e-07;9.72220782892287e-10
200;plain;10:00;Uno, nessuno e centomila;precedente;eseguito;175.0;10:30;145.0;2.999995558639057e-07;7.291655871692152e-10
200;plain;10:00;L'ombra del vento;precedente;eseguito;175.0;10:30;145.0;1.7000002117129043e-06;4.13194495902442e-09
200;plain;10:00;Cime tempestose;precedente;eseguito;175.0;10:30;145.0;8.999995770864189e-07;2.187498972085046e-09
200;plain;10:30;Alla ricerca del tempo perduto;corrente;eseguito;130.0;11:00;140.0;8.41145460000007;0.015187348583333461
200;plain;10:30;Il grande Gatsby;corrente;eseguito;130.0;11:00;140.0;8.380262500000754;0.01513102951389025
200;plain;10:30;Madame Bovary;corrente;eseguito;130.0;11:00;140.0;8.416466100000434;0.015196397125000784
200;plain;10:30;Le avventure di Alice nel Paese delle Meraviglie;corrente;eseguito;130.0;11:00;140.0;8.42349699999977;0.015209091805555143
200;plain;10:30;Il conte di Montecristo;corrente;eseguito;130.0;11:00;140.0;8.438247099999899;0.015235723930555374
200;plain;10:30;Moby Dick;precedente;eseguito;130.0;11:00;140.0;2.600000698294025e-06;4.694445705253101e-09
200;plain;10:30;Il piccolo principe;precedente;eseguito;130.0;11:00;140.0;6.000000212225132e-07;1.0833333716517599e-09
200;plain;10:30;Anna Karenina;precedente;eseguito;130.0;11:00;140.0;1.5999994502635673e-06;2.888887896309219e-09
200;plain;10:30;Lo straniero;precedente;eseguito;130.0;11:00;140.0;4.000003173132427e-07;7.222227951489105e-10
200;plain;10:30;I miserabili;precedente;eseguito;130.0;11:00;140.0;1.100000190490391e-06;1.986111455052095e-09
200;plain;11:00;Frankenstein;corrente;eseguito;145.0;11:30;135.0;8.297593800000868;0.016710431958335083
200;plain;11:00;Dracula;corrente;eseguito;145.0;11:30;135.0;8.33346789999996;0.01678267840972214
200;plain;11:00;I fratelli Karamazov;corrente;eseguito;145.0;11:30;135.0;8.51105120000011;0.017140311444444667
200;plain;11:00;Il buio oltre la siepe;corrente;eseguito;145.0;11:30;135.0;8.381798499999604;0.016880010868054757
200;plain;11:00;Jane Eyre;corrente;eseguito;145.0;11:30;135.0;8.365211199999976;0.01684660588888884
200;plain;11:00;Alla ricerca del tempo perduto;precedente;eseguito;145.0;11:30;135.0;1.5000005078036338e-06;3.0208343559934293e-09
200;plain;11:00;Il grande Gatsby;precedente;eseguito;145.0;11:30;135.0;6.000000212225132e-07;1.2083333760731169e-09
200;plain;11:00;Madame Bovary;precedente;eseguito;145.0;11:30;135.0;2.999995558639057e-07;6.041657722259213e-10
200;plain;11:00;Le avventure di Alice nel Paese delle Meraviglie;precedente;eseguito;145.0;11:30;135.0;1.5999994502635673e-06;3.2222211151141288e-09
200;plain;11:00;Il conte di Montecristo;precedente;eseguito;145.0;11:30;135.0;6.999998731771484e-07;1.4097219668150906e-09
200;plain;11:30;I viaggi di Gulliver;corrente;eseguito;160.0;12:00;170.0;8.36974519999967;0.018599433777777046
200;plain;11:30;Sulla strada;corrente;eseguito;160.0;12:00;170.0;8.393050700000458;0.018651223777778794
200;plain;11:30;Il profumo;corrente;eseguito;160.0;12:00;170.0;8.323984600000585;0.018497743555556858
200;plain;11:30;Cecità;corrente;eseguito;160.0;12:00;170.0;8.259654599999521;0.018354787999998935
200;plain;11:30;L'alchimista;corrente;eseguito;160.0;12:00;170.0;8.376971000000594;0.018615491111112433
200;plain;11:30;Frankenstein;precedente;eseguito;160.0;12:00;170.0;1.2000000424450263e-06;2.6666667609889477e-09
200;plain;11:30;Dracula;precedente;eseguito;160.0;12:00;170.0;4.000003173132427e-07;8.888895940294282e-10
200;plain;11:30;I fratelli Karamazov;precedente;eseguito;160.0;12:00;170.0;3.9999940781854093e-07;8.88887572930091e-10
200;plain;11:30;Il buio oltre la siepe;precedente;eseguito;160.0;12:00;170.0;3.0000046535860747e-07;6.666677007969055e-10
200;plain;11:30;Jane Eyre;precedente;eseguito;160.0;12:00;170.0;4.000003173132427e-07;8.888895940294282e-10
200;plain;12:00;La fattoria degli animali;corrente;eseguito;250.0;12:30;260.0;8.404799099999764;0.029183330208332515
200;plain;12:00;Il maestro e Margherita;corrente;eseguito;250.0;12:30;260.0;8.414010899999994;0.02921531562499998
200;plain;12:00;Siddharta;corrente;eseguito;250.0;12:30;260.0;8.395818799999688;0.029152148611110026
200;plain;12:00;La coscienza di Zeno;corrente;eseguito;250.0;12:30;260.0;8.457325200000014;0.02936571250000005
200;plain;12:00;I dolori del giovane Werther;corrente;eseguito;250.0;12:30;260.0;8.500729700000193;0.029516422569445113
200;plain;12:00;I viaggi di Gulliver;precedente;eseguito;250.0;12:30;260.0;7.999997251317836e-07;2.777776823374249e-09
200;plain;12:00;Sulla strada;precedente;eseguito;250.0;12:30;260.0;3.9999940781854093e-07;1.3888868327032673e-09
200;plain;12:00;Il profumo;precedente;eseguito;250.0;12:30;260.0;3.9999940781854093e-07;1.3888868327032673e-09
200;plain;12:00;Cecità;precedente;eseguito;250.0;12:30;260.0;3.0000046535860747e-07;1.0416682824951649e-09
200;plain;12:00;L'alchimista;precedente;eseguito;250.0;12:30;260.0;1.2000000424450263e-06;4.1666668140452305e-09
200;plain;12:30;Il richiamo della foresta;corrente;eseguito;310.0;13:00;246.0;8.335773799999515;0.035890137194442354
200;plain;12:30;Ventimila leghe sotto i mari;corrente;eseguito;310.0;13:00;246.0;8.443282899999758;0.03635302359722119
200;plain;12:30;Memorie di una geisha;corrente;eseguito;310.0;13:00;246.0;8.349611199999345;0.03594971488888607
200;plain;12:30;Il fu Mattia Pascal;corrente;eseguito;310.0;13:00;246.0;8.366874899999857;0.03602404470833272
200;plain;12:30;Odissea;corrente;eseguito;310.0;13:00;246.0;8.999475999999959;0.038747743888888714
200;plain;12:30;La fattoria degli animali;precedente;eseguito;310.0;13:00;246.0;2.1999994714860804e-06;9.47221994667618e-09
200;plain;12:30;Il maestro e Margherita;precedente;eseguito;310.0;13:00;246.0;1.0000003385357559e-06;4.30555701314006e-09
200;plain;12:30;Siddharta;precedente;eseguito;310.0;13:00;246.0;6.999998731771484e-07;3.013888342846056e-09
200;plain;12:30;La coscienza di Zeno;precedente;eseguito;310.0;13:00;246.0;8.999995770864189e-07;3.8749981791220815e-09
200;plain;12:30;I dolori del giovane Werther;precedente;eseguito;310.0;13:00;246.0;5.000001692678779e-07;2.15277850657003e-09
200;pattern;08:00;Il Signore degli Anelli;corrente;eseguito;230.0;08:30;195.0;8.688719900000251;0.027755633013889693
200;pattern;08:00;1984;corrente;eseguito;230.0;08:30;195.0;8.324576099999831;0.026592395874999463
200;pattern;08:00;Il nome della rosa;corrente;eseguito;230.0;08:30;195.0;8.366220899999462;0.026725427874998285
200;pattern;08:00;Cent'anni di solitudine;corrente;eseguito;230.0;08:30;195.0;8.41255160000037;0.026873428722223404
200;pattern;08:00;Orgoglio e pregiudizio;corrente;eseguito;230.0;08:30;195.0;8.409097300000212;0.026862394152778454
200;pattern;08:30;Delitto e castigo;corrente;eseguito;210.0;09:00;240.0;8.499428400000397;0.02478999950000116
200;pattern;08:30;Il cacciatore di aquiloni;corrente;eseguito;210.0;09:00;240.0;8.540010600000642;0.024908364250001872
200;pattern;08:30;Se questo è un uomo;corrente;eseguito;210.0;09:00;240.0;8.348542100000486;0.024349914458334752
200;pattern;08:30;La metamorfosi;corrente;eseguito;210.0;09:00;240.0;8.35404540000036;0.02436596575000105
200;pattern;08:30;Il ritratto di Dorian Gray;corrente;eseguito;210.0;09:00;240.0;8.480623399999786;0.024735151583332712
200;pattern;08:30;Il Signore degli Anelli;precedente;eseguito;210.0;09:00;240.0;5.9000003602704965e-06;1.7208334384122283e-08
200;pattern;08:30;1984;precedente;eseguito;210.0;09:00;240.0;2.6999996407539584e-06;7.874998952199045e-09
200;pattern;08:30;Il nome della rosa;precedente;eseguito;210.0;09:00;240.0;1.8999999156221747e-06;5.541666420564677e-09
200;pattern;08:30;Cent'anni di solitudine;precedente;eseguito;210.0;09:00;240.0;5.600000804406591e-06;1.6333335679519224e-08
200;pattern;08:30;Orgoglio e pregiudizio;precedente;eseguito;210.0;09:00;240.0;3.1999998100218363e-06;9.333332779230357e-09
200;pattern;09:00;Don Chisciotte della Mancia;corrente;eseguito;270.0;09:30;198.0;8.461136400000214;0.031729261500000806
200;pattern;09:00;Il barone rampante;corrente;eseguito;270.0;09:30;198.0;8.41507730000012;0.03155653987500045
200;pattern;09:00;Harry Potter e la pietra filosofale;corrente;eseguito;270.0;09:30;198.0;8.500641099999484;0.03187740412499807
200;pattern;09:00;Fahrenheit 451;corrente;eseguito;270.0;09:30;198.0;8.378726699999788;0.03142022512499921
200;pattern;09:00;I promessi sposi;corrente;eseguito;270.0;09:30;198.0;8.396500800000467;0.03148687800000175
200;pattern;09:00;Delitto e castigo;precedente;eseguito;270.0;09:30;198.0;6.099999154685065e-06;2.2874996830068998e-08
200;pattern;09:00;Il cacciatore di aquiloni;precedente;eseguito;270.0;09:30;198.0;2.100000529026147e-06;7.875001983848053e-09
200;pattern;09:00;Se questo è un uomo;precedente;eseguito;270.0;09:30;198.0;2.499999936844688e-06;9.37499976316758e-09
200;pattern;09:00;La metamorfosi;precedente;eseguito;270.0;09:30;198.0;1.8000000636675395e-06;6.750000238753274e-09
200;pattern;09:00;Il ritratto di Dorian Gray;precedente;eseguito;270.0;09:30;198.0;6.70000008540228e-06;2.5125000320258553e-08
200;pattern;09:30;Il vecchio e il mare;corrente;eseguito;190.0;10:00;180.0;8.412993699999788;0.022200955597221662
200;pattern;09:30;Guerra e pace;corrente;eseguito;190.0;10:00;180.0;8.345531899999514;0.0220229314027765
200;pattern;09:30;Uno, nessuno e centomila;corrente;eseguito;190.0;10:00;180.0;8.456018199999562;0.02231449247222107
200;pattern;09:30;L'ombra del vento;corrente;eseguito;190.0;10:00;180.0;8.389340200000333;0.022138536638889768
200;pattern;09:30;Cime tempestose;corrente;eseguito;190.0;10:00;180.0;8.369607300000098;0.022086463708333594
200;pattern;09:30;Don Chisciotte della Mancia;precedente;eseguito;190.0;10:00;180.0;5.200000487093348e-06;1.3722223507607448e-08
200;pattern;09:30;Il barone rampante;precedente;eseguito;190.0;10:00;180.0;2.3000002329354174e-06;6.06944505913513e-09
200;pattern;09:30;Harry Potter e la pietra filosofale;precedente;eseguito;190.0;10:00;180.0;1.3999997463542968e-06;3.694443775101617e-09
200;pattern;09:30;Fahrenheit 451;precedente;eseguito;190.0;10:00;180.0;6.399999620043673e-06;1.688888788622636e-08
200;pattern;09:30;I promessi sposi;precedente;eseguito;190.0;10:00;180.0;4.900000021734741e-06;1.2930555612911119e-08
200;pattern;10:00;Moby Dick;corrente;eseguito;175.0;10:30;145.0;8.358087399999931;0.020314795763888723
200;pattern;10:00;Il piccolo principe;corrente;eseguito;175.0;10:30;145.0;8.490307100000791;0.020636163090279703
200;pattern;10:00;Anna Karenina;corrente;eseguito;175.0;10:30;145.0;8.388280699999996;0.020388182256944436
200;pattern;10:00;Lo straniero;corrente;eseguito;175.0;10:30;145.0;8.345733899999686;0.020284769895832576
200;pattern;10:00;I miserabili;corrente;eseguito;175.0;10:30;145.0;8.31064090000018;0.02019947440972266
200;pattern;10:00;Il vecchio e il mare;precedente;eseguito;175.0;10:30;145.0;7.499999810534064e-06;1.8229166206159184e-08
200;pattern;10:00;Guerra e pace;precedente;eseguito;175.0;10:30;145.0;4.800000169780105e-06;1.1666667079326645e-08
200;pattern;10:00;Uno, nessuno e centomila;precedente;eseguito;175.0;10:30;145.0;2.899999344663229e-06;7.048609518278682e-09
200;pattern;10:00;L'ombra del vento;precedente;eseguito;175.0;10:30;145.0;3.7999998312443495e-06;9.236110700941128e-09
200;pattern;10:00;Cime tempestose;precedente;eseguito;175.0;10:30;145.0;1.6999993022182025e-06;4.131942748447021e-09
200;pattern;10:30;Alla ricerca del tempo perduto;corrente;eseguito;130.0;11:00;140.0;8.396392800000285;0.015160153666667182
200;pattern;10:30;Il grande Gatsby;corrente;eseguito;130.0;11:00;140.0;8.352553400000033;0.015080999194444505
200;pattern;10:30;Madame Bovary;corrente;eseguito;130.0;11:00;140.0;8.430291399999987;0.015221359472222197
200;pattern;10:30;Le avventure di Alice nel Paese delle Meraviglie;corrente;eseguito;130.0;11:00;140.0;8.445064800000182;0.015248033666666995
200;pattern;10:30;Il conte di Montecristo;corrente;eseguito;130.0;11:00;140.0;8.390073599999596;0.01514874399999927
200;pattern;10:30;Moby Dick;precedente;eseguito;130.0;11:00;140.0;5.500000042957254e-06;9.930555633117263e-09
200;pattern;10:30;Il piccolo principe;precedente;eseguito;130.0;11:00;140.0;1.99999976757681e-06;3.6111106914581295e-09
200;pattern;10:30;Anna Karenina;precedente;eseguito;130.0;11:00;140.0;3.5000002753804438e-06;6.319444941659134e-09
200;pattern;10:30;Lo straniero;precedente;eseguito;130.0;11:00;140.0;2.600000698294025e-06;4.694445705253101e-09
200;pattern;10:30;I miserabili;precedente;eseguito;130.0;11:00;140.0;2.3000002329354174e-06;4.152778198355615e-09
200;pattern;11:00;Frankenstein;corrente;eseguito;145.0;11:30;135.0;8.269212100000004;0.016653274368055564
200;pattern;11:00;Dracula;corrente;eseguito;145.0;11:30;135.0;8.312747200000558;0.01674094922222335
200;pattern;11:00;I fratelli Karamazov;corrente;eseguito;145.0;11:30;135.0;8.540036800000053;0.01719868522222233
200;pattern;11:00;Il buio oltre la siepe;corrente;eseguito;145.0;11:30;135.0;8.34011719999944;0.016796069361109986
200;pattern;11:00;Jane Eyre;corrente;eseguito;145.0;11:30;135.0;8.326911599999221;0.016769474749998434
200;pattern;11:00;Alla ricerca del tempo perduto;precedente;eseguito;145.0;11:30;135.0;5.300000339047983e-06;1.0673611793916077e-08
200;pattern;11:00;Il grande Gatsby;precedente;eseguito;145.0;11:30;135.0;4.000000444648322e-06;8.055556451027869e-09
200;pattern;11:00;Madame Bovary;precedente;eseguito;145.0;11:30;135.0;2.899999344663229e-06;5.8402764580023365e-09
200;pattern;11:00;Le avventure di Alice nel Paese delle Meraviglie;precedente;eseguito;145.0;11:30;135.0;3.2999996619764715e-06;6.6458326525915056e-09
200;pattern;11:00;Il conte di Montecristo;precedente;eseguito;145.0;11:30;135.0;3.899999683198985e-06;7.854166028664623e-09
200;pattern;11:30;I viaggi di Gulliver;corrente;eseguito;160.0;12:00;170.0;8.373857900000075;0.01860857311111128
200;pattern;11:30;Sulla strada;corrente;eseguito;160.0;12:00;170.0;8.436424200000147;0.01874760933333366
200;pattern;11:30;Il profumo;corrente;eseguito;160.0;12:00;170.0;8.327387500000441;0.018505305555556534
200;pattern;11:30;Cecità;corrente;eseguito;160.0;12:00;170.0;8.33200670000042;0.01851557044444538
200;pattern;11:30;L'alchimista;corrente;eseguito;160.0;12:00;170.0;8.349618100000043;0.018554706888888984
200;pattern;11:30;Frankenstein;precedente;eseguito;160.0;12:00;170.0;4.70000031782547e-06;1.0444445150723266e-08
200;pattern;11:30;Dracula;precedente;eseguito;160.0;12:00;170.0;1.8000000636675395e-06;4.0000001414834215e-09
200;pattern;11:30;I fratelli Karamazov;precedente;eseguito;160.0;12:00;170.0;1.5000005078036338e-06;3.333334461785853e-09
200;pattern;11:30;Il buio oltre la siepe;precedente;eseguito;160.0;12:00;170.0;1.3999997463542968e-06;3.111110547453993e-09
200;pattern;11:30;Jane Eyre;precedente;eseguito;160.0;12:00;170.0;1.3999997463542968e-06;3.111110547453993e-09
200;pattern;12:00;La fattoria degli animali;corrente;eseguito;250.0;12:30;260.0;8.359547299999576;0.029026205902776304
200;pattern;12:00;Il maestro e Margherita;corrente;eseguito;250.0;12:30;260.0;8.437749300000178;0.02929774062500062
200;pattern;12:00;Siddharta;corrente;eseguito;250.0;12:30;260.0;8.311193900000035;0.0288583121527779
200;pattern;12:00;La coscienza di Zeno;corrente;eseguito;250.0;12:30;260.0;8.404171099999985;0.02918114965277773
200;pattern;12:00;I dolori del giovane Werther;corrente;eseguito;250.0;12:30;260.0;8.472255499999847;0.029417553819443915
200;pattern;12:00;I viaggi di Gulliver;precedente;eseguito;250.0;12:30;260.0;2.9000002541579306e-06;1.006944532693726e-08
200;pattern;12:00;Sulla strada;precedente;eseguito;250.0;12:30;260.0;1.8999999156221747e-06;6.597221929243663e-09
200;pattern;12:00;Il profumo;precedente;eseguito;250.0;12:30;260.0;1.499999598308932e-06;5.20833193857268e-09
200;pattern;12:00;Cecità;precedente;eseguito;250.0;12:30;260.0;1.499999598308932e-06;5.20833193857268e-09
200;pattern;12:00;L'alchimista;precedente;eseguito;250.0;12:30;260.0;4.800000169780105e-06;1.6666667256180922e-08
200;pattern;12:30;Il richiamo della foresta;corrente;eseguito;310.0;13:00;246.0;8.3773771999995;0.03606926294444229
200;pattern;12:30;Ventimila leghe sotto i mari;corrente;eseguito;310.0;13:00;246.0;8.44963430000007;0.036380369902778084
200;pattern;12:30;Memorie di una geisha;corrente;eseguito;310.0;13:00;246.0;8.363165499999923;0.036008073680555225
200;pattern;12:30;Il fu Mattia Pascal;corrente;eseguito;310.0;13:00;246.0;8.457982799999627;0.03641631483333173
200;pattern;12:30;Odissea;corrente;eseguito;310.0;13:00;246.0;8.308184900000015;0.03577135165277784
200;pattern;12:30;La fattoria degli animali;precedente;eseguito;310.0;13:00;246.0;5.7999995988211595e-06;2.497222049492444e-08
200;pattern;12:30;Il maestro e Margherita;precedente;eseguito;310.0;13:00;246.0;1.8000000636675395e-06;7.75000027412413e-09
200;pattern;12:30;Siddharta;precedente;eseguito;310.0;13:00;246.0;2.1999994714860804e-06;9.47221994667618e-09
200;pattern;12:30;La coscienza di Zeno;precedente;eseguito;310.0;13:00;246.0;5.2999994295532815e-06;2.281944198835441e-08
200;pattern;12:30;I dolori del giovane Werther;precedente;eseguito;310.0;13:00;246.0;4.599999556376133e-06;1.9805553645508353e-08
200;ca;08:00;Il Signore degli Anelli;corrente;posticipato;230.0;08:30;195.0;3.6999999792897142e-06;1.181944437828659e-08
200;ca;08:00;1984;corrente;posticipato;230.0;08:30;195.0;3.899999683198985e-06;1.2458332321330091e-08
200;ca;08:00;Il nome della rosa;corrente;posticipato;230.0;08:30;195.0;2.899999344663229e-06;9.263886795451982e-09
200;ca;08:00;Cent'anni di solitudine;corrente;posticipato;230.0;08:30;195.0;3.499999365885742e-06;1.1180553529912787e-08
200;ca;08:00;Orgoglio e pregiudizio;corrente;posticipato;230.0;08:30;195.0;2.4000000848900527e-06;7.666666937843225e-09
200;ca;08:30;Delitto e castigo;corrente;eseguito;210.0;09:00;240.0;8.412276200000633;0.02453580558333518
200;ca;08:30;Il cacciatore di aquiloni;corrente;eseguito;210.0;09:00;240.0;8.412418700000671;0.024536221208335294
200;ca;08:30;Se questo è un uomo;corrente;eseguito;210.0;09:00;240.0;8.339362900000197;0.02432314179166724
200;ca;08:30;La metamorfosi;corrente;eseguito;210.0;09:00;240.0;8.329765299999963;0.02429514879166656
200;ca;08:30;Il ritratto di Dorian Gray;corrente;eseguito;210.0;09:00;240.0;8.361451799999486;0.0243875677499985
200;ca;08:30;Il Signore degli Anelli;precedente;eseguito;210.0;09:00;240.0;8.347394899999927;0.02434656845833312
200;ca;08:30;1984;precedente;eseguito;210.0;09:00;240.0;8.327938200000062;0.024289819750000184
200;ca;08:30;Il nome della rosa;precedente;eseguito;210.0;09:00;240.0;8.344544399999904;0.024338254499999722
200;ca;08:30;Cent'anni di solitudine;precedente;eseguito;210.0;09:00;240.0;8.482549100000142;0.024740768208333746
200;ca;08:30;Orgoglio e pregiudizio;precedente;eseguito;210.0;09:00;240.0;8.428253099999893;0.02458240487499969
200;ca;09:00;Don Chisciotte della Mancia;corrente;posticipato;270.0;09:30;198.0;4.499999704421498e-06;1.6874998891580617e-08
200;ca;09:00;Il barone rampante;corrente;posticipato;270.0;09:30;198.0;1.8000000636675395e-06;6.750000238753274e-09
200;ca;09:00;Harry Potter e la pietra filosofale;corrente;posticipato;270.0;09:30;198.0;1.3999997463542968e-06;5.249999048828613e-09
200;ca;09:00;Fahrenheit 451;corrente;posticipato;270.0;09:30;198.0;1.2000000424450263e-06;4.500000159168849e-09
200;ca;09:00;I promessi sposi;corrente;posticipato;270.0;09:30;198.0;1.100000190490391e-06;4.1250007143389666e-09
200;ca;09:00;Delitto e castigo;precedente;eseguito;270.0;09:30;198.0;2.8000004022032954e-06;1.0500001508262358e-08
200;ca;09:00;Il cacciatore di aquiloni;precedente;eseguito;270.0;09:30;198.0;7.3999999585794285e-06;2.7749999844672862e-08
200;ca;09:00;Se questo è un uomo;precedente;eseguito;270.0;09:30;198.0;3.7999998312443495e-06;1.4249999367166311e-08
200;ca;09:00;La metamorfosi;precedente;eseguito;270.0;09:30;198.0;4.399999852466863e-06;1.6499999446750738e-08
200;ca;09:00;Il ritratto di Dorian Gray;precedente;eseguito;270.0;09:30;198.0;4.800000169780105e-06;1.8000000636675398e-08
200;ca;09:30;Il vecchio e il mare;corrente;eseguito;190.0;10:00;180.0;6.978067700000793;0.018414345319446537
200;ca;09:30;Guerra e pace;corrente;eseguito;190.0;10:00;180.0;8.42534119999982;0.0222335392777773
200;ca;09:30;Uno, nessuno e centomila;corrente;eseguito;190.0;10:00;180.0;8.429566400000112;0.02224468911111141
200;ca;09:30;L'ombra del vento;corrente;eseguito;190.0;10:00;180.0;8.464686299999812;0.022337366624999504
200;ca;09:30;Cime tempestose;corrente;eseguito;190.0;10:00;180.0;8.418702699999812;0.022216021013888393
200;ca;09:30;Don Chisciotte della Mancia;precedente;eseguito;190.0;10:00;180.0;8.419945999999982;0.022219301944444398
200;ca;09:30;Il barone rampante;precedente;eseguito;190.0;10:00;180.0;8.337304099999528;0.022001219152776533
200;ca;09:30;Harry Potter e la pietra filosofale;precedente;eseguito;190.0;10:00;180.0;8.48189529999945;0.022382779263887438
200;ca;09:30;Fahrenheit 451;precedente;eseguito;190.0;10:00;180.0;8.344867900000281;0.022021179180556297
200;ca;09:30;I promessi sposi;precedente;eseguito;190.0;10:00;180.0;8.444571600000017;0.022284286166666716
200;ca;10:00;Moby Dick;corrente;eseguito;175.0;10:30;145.0;8.347244300000057;0.02028844100694458
200;ca;10:00;Il piccolo principe;corrente;eseguito;175.0;10:30;145.0;8.452302199999394;0.020543790069442975
200;ca;10:00;Anna Karenina;corrente;eseguito;175.0;10:30;145.0;8.388768299999356;0.02038936739583177
200;ca;10:00;Lo straniero;corrente;eseguito;175.0;10:30;145.0;8.365379900000335;0.02033252059027859
200;ca;10:00;I miserabili;corrente;eseguito;175.0;10:30;145.0;8.314271199999894;0.0202082980555553
200;ca;10:00;Il vecchio e il mare;precedente;eseguito;175.0;10:30;145.0;5.699999746866524e-06;1.3854166051411692e-08
200;ca;10:00;Guerra e pace;precedente;eseguito;175.0;10:30;145.0;3.000000106112566e-06;7.291666924579154e-09
200;ca;10:00;Uno, nessuno e centomila;precedente;eseguito;175.0;10:30;145.0;1.8999999156221747e-06;4.618055350470564e-09
200;ca;10:00;L'ombra del vento;precedente;eseguito;175.0;10:30;145.0;6.000000212225132e-06;1.4583333849158308e-08
200;ca;10:00;Cime tempestose;precedente;eseguito;175.0;10:30;145.0;5.099999725644011e-06;1.2395832666495862e-08
200;ca;10:30;Alla ricerca del tempo perduto;corrente;eseguito;130.0;11:00;140.0;8.356392100000448;0.015087930180556366
200;ca;10:30;Il grande Gatsby;corrente;eseguito;130.0;11:00;140.0;8.334643099999994;0.015048661152777768
200;ca;10:30;Madame Bovary;corrente;eseguito;130.0;11:00;140.0;8.380216600000495;0.015130946638889782
200;ca;10:30;Le avventure di Alice nel Paese delle Meraviglie;corrente;eseguito;130.0;11:00;140.0;8.505800699999782;0.015357695708332939
200;ca;10:30;Il conte di Montecristo;corrente;eseguito;130.0;11:00;140.0;8.435129799999231;0.015230095472220834
200;ca;10:30;Moby Dick;precedente;eseguito;130.0;11:00;140.0;6.50000038149301e-06;1.1736111799917935e-08
200;ca;10:30;Il piccolo principe;precedente;eseguito;130.0;11:00;140.0;2.3000002329354174e-06;4.152778198355615e-09
200;ca;10:30;Anna Karenina;precedente;eseguito;130.0;11:00;140.0;1.99999976757681e-06;3.6111106914581295e-09
200;ca;10:30;Lo straniero;precedente;eseguito;130.0;11:00;140.0;5.200000487093348e-06;9.38888976836299e-09
200;ca;10:30;I miserabili;precedente;eseguito;130.0;11:00;140.0;4.200000148557592e-06;7.583333601562319e-09
200;ca;11:00;Frankenstein;corrente;eseguito;145.0;11:30;135.0;8.296608800000286;0.016708448277778353
200;ca;11:00;Dracula;corrente;eseguito;145.0;11:30;135.0;8.260652899999513;0.0166360370902768
200;ca;11:00;I fratelli Karamazov;corrente;eseguito;145.0;11:30;135.0;8.520830500000557;0.017160005868056678
200;ca;11:00;Il buio oltre la siepe;corrente;eseguito;145.0;11:30;135.0;8.363143900000068;0.016842442576389026
200;ca;11:00;Jane Eyre;corrente;eseguito;145.0;11:30;135.0;8.312861200000043;0.016741178805555642
200;ca;11:00;Alla ricerca del tempo perduto;precedente;eseguito;145.0;11:30;135.0;4.599999556376133e-06;9.263887995479713e-09
200;ca;11:00;Il grande Gatsby;precedente;eseguito;145.0;11:30;135.0;1.7000002117129043e-06;3.4236115374773764e-09
200;ca;11:00;Madame Bovary;precedente;eseguito;145.0;11:30;135.0;1.8000000636675395e-06;3.6250001282193508e-09
200;ca;11:00;Le avventure di Alice nel Paese delle Meraviglie;precedente;eseguito;145.0;11:30;135.0;1.8999999156221747e-06;3.826388718961324e-09
200;ca;11:00;Il conte di Montecristo;precedente;eseguito;145.0;11:30;135.0;1.7000002117129043e-06;3.4236115374773764e-09
200;ca;11:30;I viaggi di Gulliver;corrente;eseguito;160.0;12:00;170.0;8.412713599999734;0.018694919111110517
200;ca;11:30;Sulla strada;corrente;eseguito;160.0;12:00;170.0;8.382343400000536;0.01862742977777897
200;ca;11:30;Il profumo;corrente;eseguito;160.0;12:00;170.0;8.3400601000003;0.018533466888889558
200;ca;11:30;Cecità;corrente;eseguito;160.0;12:00;170.0;8.311740899999677;0.018470535333332615
200;ca;11:30;L'alchimista;corrente;eseguito;160.0;12:00;170.0;8.323662300000251;0.01849702733333389
200;ca;11:30;Frankenstein;precedente;eseguito;160.0;12:00;170.0;4.499999704421498e-06;9.999999343158885e-09
200;ca;11:30;Dracula;precedente;eseguito;160.0;12:00;170.0;1.7999991541728377e-06;3.999998120384084e-09
200;ca;11:30;I fratelli Karamazov;precedente;eseguito;160.0;12:00;170.0;1.7000002117129043e-06;3.777778248250898e-09
200;ca;11:30;Il buio oltre la siepe;precedente;eseguito;160.0;12:00;170.0;4.399999852466863e-06;9.777777449926364e-09
200;ca;11:30;Jane Eyre;precedente;eseguito;160.0;12:00;170.0;3.700000888784416e-06;8.222224197298702e-09
200;ca;12:00;La fattoria degli animali;corrente;eseguito;250.0;12:30;260.0;8.380865699999958;0.029100228124999857
200;ca;12:00;Il maestro e Margherita;corrente;eseguito;250.0;12:30;260.0;8.350774499999716;0.02899574479166568
200;ca;12:00;Siddharta;corrente;eseguito;250.0;12:30;260.0;8.371653499999411;0.0290682413194424
200;ca;12:00;La coscienza di Zeno;corrente;eseguito;250.0;12:30;260.0;8.593588400000044;0.029838848611111267
200;ca;12:00;I dolori del giovane Werther;corrente;eseguito;250.0;12:30;260.0;8.467453999999634;0.029400881944443177
200;ca;12:00;I viaggi di Gulliver;precedente;eseguito;250.0;12:30;260.0;4.100000296602957e-06;1.423611214098249e-08
200;ca;12:00;Sulla strada;precedente;eseguito;250.0;12:30;260.0;2.399999175395351e-06;8.333330470122748e-09
200;ca;12:00;Il profumo;precedente;eseguito;250.0;12:30;260.0;1.499999598308932e-06;5.20833193857268e-09
200;ca;12:00;Cecità;precedente;eseguito;250.0;12:30;260.0;5.500000042957254e-06;1.9097222371379353e-08
200;ca;12:00;L'alchimista;precedente;eseguito;250.0;12:30;260.0;3.099999958067201e-06;1.0763888743288893e-08
200;ca;12:30;Il richiamo della foresta;corrente;eseguito;310.0;13:00;246.0;8.351608500000111;0.03595831437500048
200;ca;12:30;Ventimila leghe sotto i mari;corrente;eseguito;310.0;13:00;246.0;8.41873360000045;0.036247325222224167
200;ca;12:30;Memorie di una geisha;corrente;eseguito;310.0;13:00;246.0;8.40164360000017;0.03617374327777852
200;ca;12:30;Il fu Mattia Pascal;corrente;eseguito;310.0;13:00;246.0;8.396778799999993;0.03615279761111108
200;ca;12:30;Odissea;corrente;eseguito;310.0;13:00;246.0;8.279119400000127;0.03564620852777833
200;ca;12:30;La fattoria degli animali;precedente;eseguito;310.0;13:00;246.0;4.999999873689376e-06;2.152777723394037e-08
200;ca;12:30;Il maestro e Margherita;precedente;eseguito;310.0;13:00;246.0;1.600000359758269e-06;6.8888904378481025e-09
200;ca;12:30;Siddharta;precedente;eseguito;310.0;13:00;246.0;1.99999976757681e-06;8.611110110400156e-09
200;ca;12:30;La coscienza di Zeno;precedente;eseguito;310.0;13:00;246.0;5.599999894911889e-06;2.411111065864841e-08
200;ca;12:30;I dolori del giovane Werther;precedente;eseguito;310.0;13:00;246.0;3.6999999792897142e-06;1.5930555466386273e-08
250;plain;08:00;Il Signore degli Anelli;corrente;eseguito;230.0;08:30;195.0;8.393835800000488;0.02681364213889045
250;plain;08:00;1984;corrente;eseguito;230.0;08:30;195.0;8.233092499999657;0.026300156597221125
250;plain;08:00;Il nome della rosa;corrente;eseguito;230.0;08:30;195.0;8.278291900000113;0.026444543569444805
250;plain;08:00;Cent'anni di solitudine;corrente;eseguito;230.0;08:30;195.0;8.410104499999761;0.02686561159722146
250;plain;08:00;Orgoglio e pregiudizio;corrente;eseguito;230.0;08:30;195.0;8.409119699999792;0.02686246570833267
250;plain;08:30;Delitto e castigo;corrente;eseguito;210.0;09:00;240.0;8.49384689999988;0.024773720124999652
250;plain;08:30;Il cacciatore di aquiloni;corrente;eseguito;210.0;09:00;240.0;8.517657800000052;0.024843168583333484
250;plain;08:30;Se questo è un uomo;corrente;eseguito;210.0;09:00;240.0;8.356985999999779;0.024374542499999357
250;plain;08:30;La metamorfosi;corrente;eseguito;210.0;09:00;240.0;8.343640900000537;0.024335619291668234
250;plain;08:30;Il ritratto di Dorian Gray;corrente;eseguito;210.0;09:00;240.0;8.41317700000036;0.024538432916667716
250;plain;08:30;Il Signore degli Anelli;precedente;eseguito;210.0;09:00;240.0;1.8000000636675395e-06;5.250000185696991e-09
250;plain;08:30;1984;precedente;eseguito;210.0;09:00;240.0;6.000000212225132e-07;1.7500000618989968e-09
250;plain;08:30;Il nome della rosa;precedente;eseguito;210.0;09:00;240.0;4.000003173132427e-07;1.1666675921636246e-09
250;plain;08:30;Cent'anni di solitudine;precedente;eseguito;210.0;09:00;240.0;4.000003173132427e-07;1.1666675921636246e-09
250;plain;08:30;Orgoglio e pregiudizio;precedente;eseguito;210.0;09:00;240.0;1.8999999156221747e-06;5.541666420564677e-09
250;plain;09:00;Don Chisciotte della Mancia;corrente;eseguito;270.0;09:30;198.0;8.495296799999778;0.031857362999999174
250;plain;09:00;Il barone rampante;corrente;eseguito;270.0;09:30;198.0;8.41784429999916;0.031566916124996854
250;plain;09:00;Harry Potter e la pietra filosofale;corrente;eseguito;270.0;09:30;198.0;8.465044999999918;0.0317439187499997
250;plain;09:00;Fahrenheit 451;corrente;eseguito;270.0;09:30;198.0;8.399582799999735;0.031498435499999006
250;plain;09:00;I promessi sposi;corrente;eseguito;270.0;09:30;198.0;8.445815400000356;0.03167180775000134
250;plain;09:00;Delitto e castigo;precedente;eseguito;270.0;09:30;198.0;1.7000002117129043e-06;6.375000793923391e-09
250;plain;09:00;Il cacciatore di aquiloni;precedente;eseguito;270.0;09:30;198.0;5.000001692678779e-07;1.8750006347545423e-09
250;plain;09:00;Se questo è un uomo;precedente;eseguito;270.0;09:30;198.0;5.000001692678779e-07;1.8750006347545423e-09
250;plain;09:00;La metamorfosi;precedente;eseguito;270.0;09:30;198.0;1.2000000424450263e-06;4.500000159168849e-09
250;plain;09:00;Il ritratto di Dorian Gray;precedente;eseguito;270.0;09:30;198.0;1.100000190490391e-06;4.1250007143389666e-09
250;plain;09:30;Il vecchio e il mare;corrente;eseguito;190.0;10:00;180.0;8.422254099999918;0.022225392763888675
250;plain;09:30;Guerra e pace;corrente;eseguito;190.0;10:00;180.0;8.406469200000174;0.022183738166667126
250;plain;09:30;Uno, nessuno e centomila;corrente;eseguito;190.0;10:00;180.0;8.432707799999662;0.022252978916665778
250;plain;09:30;L'ombra del vento;corrente;eseguito;190.0;10:00;180.0;8.530796500000179;0.022511824097222695
250;plain;09:30;Cime tempestose;corrente;eseguito;190.0;10:00;180.0;8.414010400000734;0.022203638555557494
250;plain;09:30;Don Chisciotte della Mancia;precedente;eseguito;190.0;10:00;180.0;3.1999998100218363e-06;8.44444394311318e-09
250;plain;09:30;Il barone rampante;precedente;eseguito;190.0;10:00;180.0;9.000004865811206e-07;2.3750012840335127e-09
250;plain;09:30;Harry Potter e la pietra filosofale;precedente;eseguito;190.0;10:00;180.0;6.999998731771484e-07;1.8472218875508085e-09
250;plain;09:30;Fahrenheit 451;precedente;eseguito;190.0;10:00;180.0;5.000001692678779e-07;1.3194448911235669e-09
250;plain;09:30;I promessi sposi;precedente;eseguito;190.0;10:00;180.0;1.499999598308932e-06;3.958332273315238e-09
250;plain;10:00;Moby Dick;corrente;eseguito;175.0;10:30;145.0;8.322019199999886;0.020227129999999722
250;plain;10:00;Il piccolo principe;corrente;eseguito;175.0;10:30;145.0;8.509228699999767;0.020682153090277215
250;plain;10:00;Anna Karenina;corrente;eseguito;175.0;10:30;145.0;8.40729790000023;0.020434404618056116
250;plain;10:00;Lo straniero;corrente;eseguito;175.0;10:30;145.0;8.326425899999776;0.020237840729166127
250;plain;10:00;I miserabili;corrente;eseguito;175.0;10:30;145.0;8.289793599999939;0.02014880388888874
250;plain;10:00;Il vecchio e il mare;precedente;eseguito;175.0;10:30;145.0;1.7000002117129043e-06;4.13194495902442e-09
250;plain;10:00;Guerra e pace;precedente;eseguito;175.0;10:30;145.0;6.999998731771484e-07;1.7013885806389025e-09
250;plain;10:00;Uno, nessuno e centomila;precedente;eseguito;175.0;10:30;145.0;1.8999999156221747e-06;4.618055350470564e-09
250;plain;10:00;L'ombra del vento;precedente;eseguito;175.0;10:30;145.0;7.999997251317836e-07;1.9444437763619743e-09
250;plain;10:00;Cime tempestose;precedente;eseguito;175.0;10:30;145.0;1.2999998943996616e-06;3.1597219655547333e-09
250;plain;10:30;Alla ricerca del tempo perduto;corrente;eseguito;130.0;11:00;140.0;8.35253350000039;0.015080963263889597
250;plain;10:30;Il grande Gatsby;corrente;eseguito;130.0;11:00;140.0;8.433098200000131;0.015226427305555793
250;plain;10:30;Madame Bovary;corrente;eseguito;130.0;11:00;140.0;8.381311000000096;0.015132922638889063
250;plain;10:30;Le avventure di Alice nel Paese delle Meraviglie;corrente;eseguito;130.0;11:00;140.0;8.467462800000249;0.015288474500000449
250;plain;10:30;Il conte di Montecristo;corrente;eseguito;130.0;11:00;140.0;8.399472099999912;0.015165713513888731
250;plain;10:30;Moby Dick;precedente;eseguito;130.0;11:00;140.0;2.3000002329354174e-06;4.152778198355615e-09
250;plain;10:30;Il piccolo principe;precedente;eseguito;130.0;11:00;140.0;5.000001692678779e-07;9.027780834003352e-10
250;plain;10:30;Anna Karenina;precedente;eseguito;130.0;11:00;140.0;1.100000190490391e-06;1.986111455052095e-09
250;plain;10:30;Lo straniero;precedente;eseguito;130.0;11:00;140.0;9.000004865811206e-07;1.6250008785492454e-09
250;plain;10:30;I miserabili;precedente;eseguito;130.0;11:00;140.0;4.999992597731762e-07;9.027764412571236e-10
250;plain;11:00;Frankenstein;corrente;eseguito;145.0;11:30;135.0;8.331234999999651;0.016778181597221522
250;plain;11:00;Dracula;corrente;eseguito;145.0;11:30;135.0;8.294416400000046;0.01670403302777787
250;plain;11:00;I fratelli Karamazov;corrente;eseguito;145.0;11:30;135.0;8.470366999999897;0.017058377986110904
250;plain;11:00;Il buio oltre la siepe;corrente;eseguito;145.0;11:30;135.0;8.30242940000062;0.01672017031944569
250;plain;11:00;Jane Eyre;corrente;eseguito;145.0;11:30;135.0;8.27081840000028;0.016656509277778342
250;plain;11:00;Alla ricerca del tempo perduto;precedente;eseguito;145.0;11:30;135.0;2.0000006770715117e-06;4.027779141324572e-09
250;plain;11:00;Il grande Gatsby;precedente;eseguito;145.0;11:30;135.0;7.999997251317836e-07;1.6111105575570644e-09
250;plain;11:00;Madame Bovary;precedente;eseguito;145.0;11:30;135.0;1.3999997463542968e-06;2.8194439336301812e-09
250;plain;11:00;Le avventure di Alice nel Paese delle Meraviglie;precedente;eseguito;145.0;11:30;135.0;1.0000003385357559e-06;2.013889570662286e-09
250;plain;11:00;Il conte di Montecristo;precedente;eseguito;145.0;11:30;135.0;4.999992597731762e-07;1.0069429537098686e-09
250;plain;11:30;I viaggi di Gulliver;corrente;eseguito;160.0;12:00;170.0;8.341129600000386;0.018535843555556417
250;plain;11:30;Sulla strada;corrente;eseguito;160.0;12:00;170.0;8.410809300000437;0.018690687333334306
250;plain;11:30;Il profumo;corrente;eseguito;160.0;12:00;170.0;8.406643400000576;0.018681429777779056
250;plain;11:30;Cecità;corrente;eseguito;160.0;12:00;170.0;8.336123200000657;0.018524718222223683
250;plain;11:30;L'alchimista;corrente;eseguito;160.0;12:00;170.0;8.33568490000016;0.01852374422222258
250;plain;11:30;Frankenstein;precedente;eseguito;160.0;12:00;170.0;1.499999598308932e-06;3.3333324406865155e-09
250;plain;11:30;Dracula;precedente;eseguito;160.0;12:00;170.0;4.000003173132427e-07;8.888895940294282e-10
250;plain;11:30;I fratelli Karamazov;precedente;eseguito;160.0;12:00;170.0;2.999995558639057e-07;6.666656796975682e-10
250;plain;11:30;Il buio oltre la siepe;precedente;eseguito;160.0;12:00;170.0;1.8000000636675395e-06;4.0000001414834215e-09
250;plain;11:30;Jane Eyre;precedente;eseguito;160.0;12:00;170.0;1.2000000424450263e-06;2.6666667609889477e-09
250;plain;12:00;La fattoria degli animali;corrente;eseguito;250.0;12:30;260.0;8.431736999999885;0.02927686458333293
250;plain;12:00;Il maestro e Margherita;corrente;eseguito;250.0;12:30;260.0;8.442339999999604;0.02931368055555418
250;plain;12:00;Siddharta;corrente;eseguito;250.0;12:30;260.0;8.347904400000516;0.028985779166668463
250;plain;12:00;La coscienza di Zeno;corrente;eseguito;250.0;12:30;260.0;8.578389600000264;0.02978607500000092
250;plain;12:00;I dolori del giovane Werther;corrente;eseguito;250.0;12:30;260.0;8.813213099999302;0.030601434374997582
250;plain;12:00;I viaggi di Gulliver;precedente;eseguito;250.0;12:30;260.0;1.2999998943996616e-06;4.513888522221047e-09
250;plain;12:00;Sulla strada;precedente;eseguito;250.0;12:30;260.0;5.000001692678779e-07;1.7361116988467984e-09
250;plain;12:00;Il profumo;precedente;eseguito;250.0;12:30;260.0;1.3999997463542968e-06;4.861110230396864e-09
250;plain;12:00;Cecità;precedente;eseguito;250.0;12:30;260.0;1.100000190490391e-06;3.819445105869414e-09
250;plain;12:00;L'alchimista;precedente;eseguito;250.0;12:30;260.0;7.999997251317836e-07;2.777776823374249e-09
250;plain;12:30;Il richiamo della foresta;corrente;eseguito;310.0;13:00;246.0;8.423380199999883;0.03626733141666617
250;plain;12:30;Ventimila leghe sotto i mari;corrente;eseguito;310.0;13:00;246.0;8.443956699999944;0.03635592468055532
250;plain;12:30;Memorie di una geisha;corrente;eseguito;310.0;13:00;246.0;8.49243910000041;0.036564668347223994
250;plain;12:30;Il fu Mattia Pascal;corrente;eseguito;310.0;13:00;246.0;8.404674299999897;0.036186792124999555
250;plain;12:30;Odissea;corrente;eseguito;310.0;13:00;246.0;8.342351599999347;0.03591845827777496
250;plain;12:30;La fattoria degli animali;precedente;eseguito;310.0;13:00;246.0;1.3999997463542968e-06;6.027776685692112e-09
250;plain;12:30;Il maestro e Margherita;precedente;eseguito;310.0;13:00;246.0;5.000001692678779e-07;2.15277850657003e-09
250;plain;12:30;Siddharta;precedente;eseguito;310.0;13:00;246.0;3.0000046535860747e-07;1.2916686702940044e-09
250;plain;12:30;La coscienza di Zeno;precedente;eseguito;310.0;13:00;246.0;1.3999997463542968e-06;6.027776685692112e-09
250;plain;12:30;I dolori del giovane Werther;precedente;eseguito;310.0;13:00;246.0;1.2000000424450263e-06;5.166666849416086e-09
250;pattern;08:00;Il Signore degli Anelli;corrente;eseguito;230.0;08:30;195.0;8.419690499999888;0.02689623354166631
250;pattern;08:00;1984;corrente;eseguito;230.0;08:30;195.0;8.361784900000202;0.026711257319445094
250;pattern;08:00;Il nome della rosa;corrente;eseguito;230.0;08:30;195.0;8.334485200000017;0.026624049944444502
250;pattern;08:00;Cent'anni di solitudine;corrente;eseguito;230.0;08:30;195.0;8.426409599999715;0.02691769733333243
250;pattern;08:00;Orgoglio e pregiudizio;corrente;eseguito;230.0;08:30;195.0;8.477348399999755;0.027080418499999218
250;pattern;08:30;Delitto e castigo;corrente;eseguito;210.0;09:00;240.0;8.427221200000531;0.024579395166668218
250;pattern;08:30;Il cacciatore di aquiloni;corrente;eseguito;210.0;09:00;240.0;8.563255600000048;0.024976162166666805
250;pattern;08:30;Se questo è un uomo;corrente;eseguito;210.0;09:00;240.0;5.535299199999827;0.016144622666666164
250;pattern;08:30;La metamorfosi;corrente;eseguito;210.0;09:00;240.0;8.356661599999825;0.024373596333332824
250;pattern;08:30;Il ritratto di Dorian Gray;corrente;eseguito;210.0;09:00;240.0;8.459233600000516;0.024672764666668175
250;pattern;08:30;Il Signore degli Anelli;precedente;eseguito;210.0;09:00;240.0;5.399999281507917e-06;1.574999790439809e-08
250;pattern;08:30;1984;precedente;eseguito;210.0;09:00;240.0;2.099999619531445e-06;6.124998890300048e-09
250;pattern;08:30;Il nome della rosa;precedente;eseguito;210.0;09:00;240.0;5.899999450775795e-06;1.72083317314294e-08
250;pattern;08:30;Cent'anni di solitudine;precedente;eseguito;210.0;09:00;240.0;4.399999852466863e-06;1.2833332903028351e-08
250;pattern;08:30;Orgoglio e pregiudizio;precedente;eseguito;210.0;09:00;240.0;2.2999993234407157e-06;6.708331360035421e-09
250;pattern;09:00;Don Chisciotte della Mancia;corrente;eseguito;270.0;09:30;198.0;6.940016599999581;0.026025062249998426
250;pattern;09:00;Il barone rampante;corrente;eseguito;270.0;09:30;198.0;8.311480200000005;0.031168050750000023
250;pattern;09:00;Harry Potter e la pietra filosofale;corrente;eseguito;270.0;09:30;198.0;8.568110899999738;0.03213041587499901
250;pattern;09:00;Fahrenheit 451;corrente;eseguito;270.0;09:30;198.0;8.392179600000418;0.03147067350000157
250;pattern;09:00;I promessi sposi;corrente;eseguito;270.0;09:30;198.0;8.403071199999431;0.031511516999997866
250;pattern;09:00;Delitto e castigo;precedente;eseguito;270.0;09:30;198.0;5.7999995988211595e-06;2.174999849557935e-08
250;pattern;09:00;Il cacciatore di aquiloni;precedente;eseguito;270.0;09:30;198.0;2.100000529026147e-06;7.875001983848053e-09
250;pattern;09:00;Se questo è un uomo;precedente;eseguito;270.0;09:30;198.0;1.8000000636675395e-06;6.750000238753274e-09
250;pattern;09:00;La metamorfosi;precedente;eseguito;270.0;09:30;198.0;2.0000006770715117e-06;7.50000253901817e-09
250;pattern;09:00;Il ritratto di Dorian Gray;precedente;eseguito;270.0;09:30;198.0;5.4000001910026185e-06;2.0250000716259818e-08
250;pattern;09:30;Il vecchio e il mare;corrente;eseguito;190.0;10:00;180.0;8.45758939999996;0.02231863869444434
250;pattern;09:30;Guerra e pace;corrente;eseguito;190.0;10:00;180.0;8.430437099999835;0.022246986791666236
250;pattern;09:30;Uno, nessuno e centomila;corrente;eseguito;190.0;10:00;180.0;8.413529200000085;0.02220236872222245
250;pattern;09:30;L'ombra del vento;corrente;eseguito;190.0;10:00;180.0;8.455492400000367;0.02231310494444541
250;pattern;09:30;Cime tempestose;corrente;eseguito;190.0;10:00;180.0;8.390505100000155;0.02214161068055596
250;pattern;09:30;Don Chisciotte della Mancia;precedente;eseguito;190.0;10:00;180.0;5.2999994295532815e-06;1.3986109605765607e-08
250;pattern;09:30;Il barone rampante;precedente;eseguito;190.0;10:00;180.0;2.600000698294025e-06;6.861112953831455e-09
250;pattern;09:30;Harry Potter e la pietra filosofale;precedente;eseguito;190.0;10:00;180.0;1.99999976757681e-06;5.277777164438804e-09
250;pattern;09:30;Fahrenheit 451;precedente;eseguito;190.0;10:00;180.0;1.600000359758269e-06;4.222223171584321e-09
250;pattern;09:30;I promessi sposi;precedente;eseguito;190.0;10:00;180.0;5.4000001910026185e-06;1.4250000504034688e-08
250;pattern;10:00;Moby Dick;corrente;eseguito;175.0;10:30;145.0;8.274216399999204;0.020110942638886953
250;pattern;10:00;Il piccolo principe;corrente;eseguito;175.0;10:30;145.0;8.4409928999994;0.020516302187498545
250;pattern;10:00;Anna Karenina;corrente;eseguito;175.0;10:30;145.0;8.402812799999992;0.020423503333333315
250;pattern;10:00;Lo straniero;corrente;eseguito;175.0;10:30;145.0;8.312855799999852;0.020204857847221865
250;pattern;10:00;I miserabili;corrente;eseguito;175.0;10:30;145.0;8.323108300000058;0.020229777118055698
250;pattern;10:00;Il vecchio e il mare;precedente;eseguito;175.0;10:30;145.0;5.699999746866524e-06;1.3854166051411692e-08
250;pattern;10:00;Guerra e pace;precedente;eseguito;175.0;10:30;145.0;2.200000380980782e-06;5.347223148217179e-09
250;pattern;10:00;Uno, nessuno e centomila;precedente;eseguito;175.0;10:30;145.0;1.600000359758269e-06;3.8888897633013485e-09
250;pattern;10:00;L'ombra del vento;precedente;eseguito;175.0;10:30;145.0;1.5999994502635673e-06;3.888887552723949e-09
250;pattern;10:00;Cime tempestose;precedente;eseguito;175.0;10:30;145.0;1.8000000636675395e-06;4.375000154747493e-09
250;pattern;10:30;Alla ricerca del tempo perduto;corrente;eseguito;130.0;11:00;140.0;8.362416900000426;0.015098808291667438
250;pattern;10:30;Il grande Gatsby;corrente;eseguito;130.0;11:00;140.0;8.365284500000598;0.015103985902778857
250;pattern;10:30;Madame Bovary;corrente;eseguito;130.0;11:00;140.0;8.38394100000005;0.015137671250000088
250;pattern;10:30;Le avventure di Alice nel Paese delle Meraviglie;corrente;eseguito;130.0;11:00;140.0;8.442592100000184;0.015243569069444777
250;pattern;10:30;Il conte di Montecristo;corrente;eseguito;130.0;11:00;140.0;8.411811099999795;0.01518799226388852
250;pattern;10:30;Moby Dick;precedente;eseguito;130.0;11:00;140.0;6.600000233447645e-06;1.191666708816936e-08
250;pattern;10:30;Il piccolo principe;precedente;eseguito;130.0;11:00;140.0;6.199999916134402e-06;1.1194444293020449e-08
250;pattern;10:30;Anna Karenina;precedente;eseguito;130.0;11:00;140.0;5.500000042957254e-06;9.930555633117263e-09
250;pattern;10:30;Lo straniero;precedente;eseguito;130.0;11:00;140.0;4.5000006139162e-06;8.125001108459805e-09
250;pattern;10:30;I miserabili;precedente;eseguito;130.0;11:00;140.0;4.000000444648322e-06;7.22222302505947e-09
250;pattern;11:00;Frankenstein;corrente;eseguito;145.0;11:30;135.0;8.297156699999505;0.016709551687499005
250;pattern;11:00;Dracula;corrente;eseguito;145.0;11:30;135.0;8.294715600000018;0.01670463558333337
250;pattern;11:00;I fratelli Karamazov;corrente;eseguito;145.0;11:30;135.0;8.531572400000186;0.017181638861111487
250;pattern;11:00;Il buio oltre la siepe;corrente;eseguito;145.0;11:30;135.0;8.35355460000028;0.01682313079166723
250;pattern;11:00;Jane Eyre;corrente;eseguito;145.0;11:30;135.0;8.27357000000029;0.01666205069444503
250;pattern;11:00;Alla ricerca del tempo perduto;precedente;eseguito;145.0;11:30;135.0;4.999999873689376e-06;1.0069444190068883e-08
250;pattern;11:00;Il grande Gatsby;precedente;eseguito;145.0;11:30;135.0;1.8000000636675395e-06;3.6250001282193508e-09
250;pattern;11:00;Madame Bovary;precedente;eseguito;145.0;11:30;135.0;1.600000359758269e-06;3.222222946735403e-09
250;pattern;11:00;Le avventure di Alice nel Paese delle Meraviglie;precedente;eseguito;145.0;11:30;135.0;1.8000000636675395e-06;3.6250001282193508e-09
250;pattern;11:00;Il conte di Montecristo;precedente;eseguito;145.0;11:30;135.0;5.4000001910026185e-06;1.0875000384658051e-08
250;pattern;11:30;I viaggi di Gulliver;corrente;eseguito;160.0;12:00;170.0;8.367297200000394;0.018593993777778654
250;pattern;11:30;Sulla strada;corrente;eseguito;160.0;12:00;170.0;8.35256440000012;0.018561254222222486
250;pattern;11:30;Il profumo;corrente;eseguito;160.0;12:00;170.0;8.38034819999939;0.018622995999998643
250;pattern;11:30;Cecità;corrente;eseguito;160.0;12:00;170.0;8.316791100000046;0.018481758000000105
250;pattern;11:30;L'alchimista;corrente;eseguito;160.0;12:00;170.0;8.361977399999887;0.018582171999999748
250;pattern;11:30;Frankenstein;precedente;eseguito;160.0;12:00;170.0;2.8000004022032954e-06;6.222223116007323e-09
250;pattern;11:30;Dracula;precedente;eseguito;160.0;12:00;170.0;1.8000000636675395e-06;4.0000001414834215e-09
250;pattern;11:30;I fratelli Karamazov;precedente;eseguito;160.0;12:00;170.0;1.3999997463542968e-06;3.111110547453993e-09
250;pattern;11:30;Il buio oltre la siepe;precedente;eseguito;160.0;12:00;170.0;5.599999894911889e-06;1.244444421091531e-08
250;pattern;11:30;Jane Eyre;precedente;eseguito;160.0;12:00;170.0;2.599999788799323e-06;5.777777308442941e-09
250;pattern;12:00;La fattoria degli animali;corrente;eseguito;250.0;12:30;260.0;8.331313099999534;0.028928170486109493
250;pattern;12:00;Il maestro e Margherita;corrente;eseguito;250.0;12:30;260.0;8.467864299999746;0.029402306597221338
250;pattern;12:00;Siddharta;corrente;eseguito;250.0;12:30;260.0;8.321791800000028;0.028895110416666765
250;pattern;12:00;La coscienza di Zeno;corrente;eseguito;250.0;12:30;260.0;8.42569850000018;0.02925589756944507
250;pattern;12:00;I dolori del giovane Werther;corrente;eseguito;250.0;12:30;260.0;8.434995199999321;0.02928817777777542
250;pattern;12:00;I viaggi di Gulliver;precedente;eseguito;250.0;12:30;260.0;3.7999998312443495e-06;1.3194443858487325e-08
250;pattern;12:00;Sulla strada;precedente;eseguito;250.0;12:30;260.0;2.4000000848900527e-06;8.333333628090461e-09
250;pattern;12:00;Il profumo;precedente;eseguito;250.0;12:30;260.0;1.3999997463542968e-06;4.861110230396864e-09
250;pattern;12:00;Cecità;precedente;eseguito;250.0;12:30;260.0;1.2999998943996616e-06;4.513888522221047e-09
250;pattern;12:00;L'alchimista;precedente;eseguito;250.0;12:30;260.0;1.7000002117129043e-06;5.902778512892028e-09
250;pattern;12:30;Il richiamo della foresta;corrente;eseguito;310.0;13:00;246.0;8.301150199999938;0.035741063361110846
250;pattern;12:30;Ventimila leghe sotto i mari;corrente;eseguito;310.0;13:00;246.0;8.380366000000322;0.03608213138889028
250;pattern;12:30;Memorie di una geisha;corrente;eseguito;310.0;13:00;246.0;8.339090499999656;0.03590441743055408
250;pattern;12:30;Il fu Mattia Pascal;corrente;eseguito;310.0;13:00;246.0;8.381217000000106;0.03608579541666712
250;pattern;12:30;Odissea;corrente;eseguito;310.0;13:00;246.0;8.29994429999988;0.03573587129166615
250;pattern;12:30;La fattoria degli animali;precedente;eseguito;310.0;13:00;246.0;7.499999810534064e-06;3.2291665850910556e-08
250;pattern;12:30;Il maestro e Margherita;precedente;eseguito;310.0;13:00;246.0;2.7999994927085936e-06;1.2055553371384223e-08
250;pattern;12:30;Siddharta;precedente;eseguito;310.0;13:00;246.0;4.300000000512227e-06;1.8513888891094314e-08
250;pattern;12:30;La coscienza di Zeno;precedente;eseguito;310.0;13:00;246.0;2.899999344663229e-06;1.2486108289522237e-08
250;pattern;12:30;I dolori del giovane Werther;precedente;eseguito;310.0;13:00;246.0;4.099999387108255e-06;1.7652775138938322e-08
250;ca;08:00;Il Signore degli Anelli;corrente;eseguito;230.0;08:30;195.0;8.41425479999998;0.026878869499999937
250;ca;08:00;1984;corrente;eseguito;230.0;08:30;195.0;8.36510890000045;0.026721875652779222
250;ca;08:00;Il nome della rosa;corrente;eseguito;230.0;08:30;195.0;8.352485099999285;0.02668154962499772
250;ca;08:00;Cent'anni di solitudine;corrente;eseguito;230.0;08:30;195.0;8.41784590000043;0.02689034106944582
250;ca;08:00;Orgoglio e pregiudizio;corrente;eseguito;230.0;08:30;195.0;8.366465799999787;0.026726210194443763
250;ca;08:30;Delitto e castigo;corrente;eseguito;210.0;09:00;240.0;8.501737500000672;0.024796734375001964
250;ca;08:30;Il cacciatore di aquiloni;corrente;eseguito;210.0;09:00;240.0;8.2298609999998;0.02400376124999942
250;ca;08:30;Se questo è un uomo;corrente;eseguito;210.0;09:00;240.0;8.369569899999988;0.02441124554166663
250;ca;08:30;La metamorfosi;corrente;eseguito;210.0;09:00;240.0;8.323537099999157;0.02427698320833088
250;ca;08:30;Il ritratto di Dorian Gray;corrente;eseguito;210.0;09:00;240.0;8.420040299999528;0.02455845087499862
250;ca;08:30;Il Signore degli Anelli;precedente;eseguito;210.0;09:00;240.0;6.100000064179767e-06;1.779166685385765e-08
250;ca;08:30;1984;precedente;eseguito;210.0;09:00;240.0;2.4000000848900527e-06;7.000000247595987e-09
250;ca;08:30;Il nome della rosa;precedente;eseguito;210.0;09:00;240.0;1.600000359758269e-06;4.6666677159616176e-09
250;ca;08:30;Cent'anni di solitudine;precedente;eseguito;210.0;09:00;240.0;6.50000038149301e-06;1.895833444602128e-08
250;ca;08:30;Orgoglio e pregiudizio;precedente;eseguito;210.0;09:00;240.0;2.9000002541579306e-06;8.458334074627298e-09
250;ca;09:00;Don Chisciotte della Mancia;corrente;posticipato;270.0;09:30;198.0;3.9000005926936865e-06;1.4625002222601325e-08
250;ca;09:00;Il barone rampante;corrente;posticipato;270.0;09:30;198.0;2.099999619531445e-06;7.87499857324292e-09
250;ca;09:00;Harry Potter e la pietra filosofale;corrente;posticipato;270.0;09:30;198.0;2.200000380980782e-06;8.250001428677933e-09
250;ca;09:00;Fahrenheit 451;corrente;posticipato;270.0;09:30;198.0;3.099999958067201e-06;1.1624999842752004e-08
250;ca;09:00;I promessi sposi;corrente;posticipato;270.0;09:30;198.0;2.4000000848900527e-06;9.000000318337699e-09
250;ca;09:00;Delitto e castigo;precedente;eseguito;270.0;09:30;198.0;3.7999998312443495e-06;1.4249999367166311e-08
250;ca;09:00;Il cacciatore di aquiloni;precedente;eseguito;270.0;09:30;198.0;2.7999994927085936e-06;1.0499998097657227e-08
250;ca;09:00;Se questo è un uomo;precedente;eseguito;270.0;09:30;198.0;5.099999725644011e-06;1.9124998971165044e-08
250;ca;09:00;La metamorfosi;precedente;eseguito;270.0;09:30;198.0;2.7999994927085936e-06;1.0499998097657227e-08
250;ca;09:00;Il ritratto di Dorian Gray;precedente;eseguito;270.0;09:30;198.0;2.7999994927085936e-06;1.0499998097657227e-08
250;ca;09:30;Il vecchio e il mare;corrente;eseguito;190.0;10:00;180.0;8.449597200000426;0.02229754816666779
250;ca;09:30;Guerra e pace;corrente;eseguito;190.0;10:00;180.0;8.394136700000672;0.022151194069446222
250;ca;09:30;Uno, nessuno e centomila;corrente;eseguito;190.0;10:00;180.0;8.538229899999351;0.022531440013887176
250;ca;09:30;L'ombra del vento;corrente;eseguito;190.0;10:00;180.0;8.388200700000198;0.022135529625000525
250;ca;09:30;Cime tempestose;corrente;eseguito;190.0;10:00;180.0;8.342207400000007;0.022014158416666686
250;ca;09:30;Don Chisciotte della Mancia;precedente;eseguito;190.0;10:00;180.0;8.443293199999971;0.022280912611111037
250;ca;09:30;Il barone rampante;precedente;eseguito;190.0;10:00;180.0;8.410595600000306;0.022194627277778586
250;ca;09:30;Harry Potter e la pietra filosofale;precedente;eseguito;190.0;10:00;180.0;8.491361100000177;0.0224077584583338
250;ca;09:30;Fahrenheit 451;precedente;eseguito;190.0;10:00;180.0;8.276319999999942;0.021840288888888736
250;ca;09:30;I promessi sposi;precedente;eseguito;190.0;10:00;180.0;8.373799599999984;0.02209752672222218
250;ca;10:00;Moby Dick;corrente;eseguito;175.0;10:30;145.0;8.31412629999977;0.020207945868054997
250;ca;10:00;Il piccolo principe;corrente;eseguito;175.0;10:30;145.0;8.413080600000285;0.02044845979166736
250;ca;10:00;Anna Karenina;corrente;eseguito;175.0;10:30;145.0;8.296305199999551;0.020164630694443353
250;ca;10:00;Lo straniero;corrente;eseguito;175.0;10:30;145.0;8.357698900000287;0.020313851493056256
250;ca;10:00;I miserabili;corrente;eseguito;175.0;10:30;145.0;8.287729800000307;0.02014378770833408
250;ca;10:00;Il vecchio e il mare;precedente;eseguito;175.0;10:30;145.0;4.999999873689376e-06;1.2152777470772789e-08
250;ca;10:00;Guerra e pace;precedente;eseguito;175.0;10:30;145.0;2.200000380980782e-06;5.347223148217179e-09
250;ca;10:00;Uno, nessuno e centomila;precedente;eseguito;175.0;10:30;145.0;2.3000002329354174e-06;5.59027834394025e-09
250;ca;10:00;L'ombra del vento;precedente;eseguito;175.0;10:30;145.0;1.3999997463542968e-06;3.402777161277805e-09
250;ca;10:00;Cime tempestose;precedente;eseguito;175.0;10:30;145.0;4.699999408330768e-06;1.1423609673026174e-08
250;ca;10:30;Alla ricerca del tempo perduto;corrente;eseguito;130.0;11:00;140.0;8.456412200000159;0.015268522027778066
250;ca;10:30;Il grande Gatsby;corrente;eseguito;130.0;11:00;140.0;8.340069499999117;0.015058458819442852
250;ca;10:30;Madame Bovary;corrente;eseguito;130.0;11:00;140.0;8.417046700000355;0.015197445430556197
250;ca;10:30;Le avventure di Alice nel Paese delle Meraviglie;corrente;eseguito;130.0;11:00;140.0;8.488083499999448;0.015325706319443447
250;ca;10:30;Il conte di Montecristo;corrente;eseguito;130.0;11:00;140.0;8.475298000000294;0.01530262138888942
250;ca;10:30;Moby Dick;precedente;eseguito;130.0;11:00;140.0;8.69999985297909e-06;1.5708333067878915e-08
250;ca;10:30;Il piccolo principe;precedente;eseguito;130.0;11:00;140.0;4.900000021734741e-06;8.847222261465503e-09
250;ca;10:30;Anna Karenina;precedente;eseguito;130.0;11:00;140.0;5.200000487093348e-06;9.38888976836299e-09
250;ca;10:30;Lo straniero;precedente;eseguito;130.0;11:00;140.0;3.099999958067201e-06;5.597222146510224e-09
250;ca;10:30;I miserabili;precedente;eseguito;130.0;11:00;140.0;2.70000055024866e-06;4.875000993504526e-09
250;ca;11:00;Frankenstein;corrente;eseguito;145.0;11:30;135.0;8.26979560000018;0.016654449472222582
250;ca;11:00;Dracula;corrente;eseguito;145.0;11:30;135.0;8.285964100000456;0.01668701103472314
250;ca;11:00;I fratelli Karamazov;corrente;eseguito;145.0;11:30;135.0;8.520892999999887;0.017160131736110883
250;ca;11:00;Il buio oltre la siepe;corrente;eseguito;145.0;11:30;135.0;8.36502979999932;0.016846240569443078
250;ca;11:00;Jane Eyre;corrente;eseguito;145.0;11:30;135.0;8.419762300000002;0.016956465743055562
250;ca;11:00;Alla ricerca del tempo perduto;precedente;eseguito;145.0;11:30;135.0;6.199999916134402e-06;1.2486110942215115e-08
250;ca;11:00;Il grande Gatsby;precedente;eseguito;145.0;11:30;135.0;3.99999953515362e-06;8.055554619406597e-09
250;ca;11:00;Madame Bovary;precedente;eseguito;145.0;11:30;135.0;5.599999894911889e-06;1.1277777566141999e-08
250;ca;11:00;Le avventure di Alice nel Paese delle Meraviglie;precedente;eseguito;145.0;11:30;135.0;4.600000465870835e-06;9.263889827100987e-09
250;ca;11:00;Il conte di Montecristo;precedente;eseguito;145.0;11:30;135.0;3.000000106112566e-06;6.0416668803655845e-09
250;ca;11:30;I viaggi di Gulliver;corrente;eseguito;160.0;12:00;170.0;8.33546959999967;0.01852326577777704
250;ca;11:30;Sulla strada;corrente;eseguito;160.0;12:00;170.0;8.289371900000333;0.018420826444445183
250;ca;11:30;Il profumo;corrente;eseguito;160.0;12:00;170.0;8.385796999999911;0.01863510444444425
250;ca;11:30;Cecità;corrente;eseguito;160.0;12:00;170.0;8.268227100000331;0.01837383800000074
250;ca;11:30;L'alchimista;corrente;eseguito;160.0;12:00;170.0;8.355038199999399;0.01856675155555422
250;ca;11:30;Frankenstein;precedente;eseguito;160.0;12:00;170.0;6.600000233447645e-06;1.466666718543921e-08
250;ca;11:30;Dracula;precedente;eseguito;160.0;12:00;170.0;4.5000006139162e-06;1.0000001364258221e-08
250;ca;11:30;I fratelli Karamazov;precedente;eseguito;160.0;12:00;170.0;2.4000000848900527e-06;5.333333521977895e-09
250;ca;11:30;Il buio oltre la siepe;precedente;eseguito;160.0;12:00;170.0;3.9000005926936865e-06;8.666667983763749e-09
250;ca;11:30;Jane Eyre;precedente;eseguito;160.0;12:00;170.0;3.000000106112566e-06;6.666666902472369e-09
250;ca;12:00;La fattoria degli animali;corrente;eseguito;250.0;12:30;260.0;8.332908000000316;0.028933708333334432
250;ca;12:00;Il maestro e Margherita;corrente;eseguito;250.0;12:30;260.0;8.37666740000077;0.02908565069444712
250;ca;12:00;Siddharta;corrente;eseguito;250.0;12:30;260.0;8.37527339999997;0.029080810416666564
250;ca;12:00;La coscienza di Zeno;corrente;eseguito;250.0;12:30;260.0;8.405347199999596;0.029185233333331933
250;ca;12:00;I dolori del giovane Werther;corrente;eseguito;250.0;12:30;260.0;8.466900800000076;0.029398961111111375
250;ca;12:00;I viaggi di Gulliver;precedente;eseguito;250.0;12:30;260.0;5.599999894911889e-06;1.9444444079555172e-08
250;ca;12:00;Sulla strada;precedente;eseguito;250.0;12:30;260.0;2.9000002541579306e-06;1.006944532693726e-08
250;ca;12:00;Il profumo;precedente;eseguito;250.0;12:30;260.0;1.4000006558489986e-06;4.861113388364579e-09
250;ca;12:00;Cecità;precedente;eseguito;250.0;12:30;260.0;5.500000042957254e-06;1.9097222371379353e-08
250;ca;12:00;L'alchimista;precedente;eseguito;250.0;12:30;260.0;4.000000444648322e-06;1.3888890432806672e-08
250;ca;12:30;Il richiamo della foresta;corrente;posticipato;310.0;13:00;246.0;4.900000021734741e-06;2.1097222315802353e-08
250;ca;12:30;Ventimila leghe sotto i mari;corrente;posticipato;310.0;13:00;246.0;1.7999991541728377e-06;7.749996358244163e-09
250;ca;12:30;Memorie di una geisha;corrente;posticipato;310.0;13:00;246.0;3.000000106112566e-06;1.2916667123540216e-08
250;ca;12:30;Il fu Mattia Pascal;corrente;posticipato;310.0;13:00;246.0;1.5000005078036338e-06;6.45833551971009e-09
250;ca;12:30;Odissea;corrente;posticipato;310.0;13:00;246.0;1.3999997463542968e-06;6.027776685692112e-09
250;ca;12:30;La fattoria degli animali;precedente;eseguito;310.0;13:00;246.0;2.7999994927085936e-06;1.2055553371384223e-08
250;ca;12:30;Il maestro e Margherita;precedente;eseguito;310.0;13:00;246.0;5.199999577598646e-06;2.2388887070216397e-08
250;ca;12:30;Siddharta;precedente;eseguito;310.0;13:00;246.0;4.599999556376133e-06;1.9805553645508353e-08
250;ca;12:30;La coscienza di Zeno;precedente;eseguito;310.0;13:00;246.0;3.5000002753804438e-06;1.5069445630110242e-08
250;ca;12:30;I dolori del giovane Werther;precedente;eseguito;310.0;13:00;246.0;2.70000055024866e-06;1.1625002369126177e-08
